CNT_CHILDREN,AMT_INCOME_TOTAL,AMT_CREDIT,DAYS_BIRTH,EXT_SOURCE_2,EXT_SOURCE_3
2.0,207000.0,465457.5,-13297.0,0.6048943383603742,0.0005272652387098
0.0,247500.0,1281712.5,-14778.0,0.4253505221468029,0.7121551551910698
0.0,202500.0,495000.0,-17907.0,0.5317599965307688,0.2079641743053816
0.0,247500.0,254700.0,-19626.0,0.6935206274920988,0.6144143775673561
0.0,112500.0,308133.0,-20327.0,0.5606898594049499,0.6363761710860439
0.0,85500.0,152820.0,-19130.0,0.5191266804311161,0.1047946227497676
1.0,112500.0,900000.0,-15722.0,0.5479626352655883,0.5352762504724826
0.0,141606.0,810000.0,-10801.0,0.0125875656953968,0.4902575124990026
0.0,130500.0,781920.0,-23516.0,0.077534911185021,0.633031641417419
1.0,99000.0,900000.0,-8755.0,0.7400816968755699,0.5352762504724826
4.0,67500.0,331920.0,-13280.0,0.4127344161068856,0.6397075677637197
0.0,135000.0,225000.0,-8438.0,0.4530704545682325,0.2431864804420123
0.0,270000.0,593010.0,-22532.0,0.5746638509651143,0.180887977767074
2.0,630000.0,1125000.0,-16758.0,0.6229959372837893,0.3328505641648731
0.0,180000.0,774000.0,-11214.0,0.5128407971420282,0.221335206354466
1.0,112500.0,142200.0,-10213.0,0.2440078209202131,0.2721336844147212
0.0,256500.0,765000.0,-22488.0,0.7838283816775964,0.6785676886853644
0.0,45000.0,454500.0,-12178.0,0.142870887589952,0.5352762504724826
0.0,292500.0,781920.0,-22634.0,0.5404883358234642,0.5352762504724826
0.0,157500.0,824823.0,-23476.0,0.6572714882743836,0.4031416766587513
0.0,85500.0,225000.0,-24101.0,0.3420278293317465,0.5352762504724826
0.0,270000.0,755190.0,-9664.0,0.7081894379461231,0.3740208032583212
1.0,112500.0,503676.0,-10366.0,0.344477840791565,0.5352762504724826
1.0,247500.0,270045.0,-8544.0,0.1173011930750817,0.190705947811054
0.0,112500.0,339241.5,-13987.0,0.4093357995240928,0.3589512285783967
0.0,202500.0,500490.0,-22783.0,0.5549077290439568,0.1997705696341145
1.0,67500.0,1024740.0,-10836.0,0.360396242872698,0.5352762504724826
2.0,171000.0,375322.5,-10801.0,0.6435746820189508,0.5082869913916046
2.0,315000.0,927000.0,-17096.0,0.2265068731262381,0.5549467685334323
2.0,135000.0,675000.0,-13634.0,0.6180836881053707,0.7981372313187245
2.0,202500.0,713889.0,-13099.0,0.2918181951717679,0.3425288720742255
0.0,135000.0,360000.0,-20885.0,0.6753357647890695,0.5352762504724826
0.0,180000.0,518562.0,-22441.0,0.1447475472488587,0.6738300778602003
0.0,225000.0,1710000.0,-22342.0,0.5052444440705988,0.5316861425197883
2.0,180000.0,225000.0,-14374.0,0.5733217116721889,0.1261005588362325
1.0,135000.0,225000.0,-13297.0,0.6621951009056665,0.5100895276257282
0.0,202500.0,405000.0,-15869.0,0.5095076687861732,0.2851799046358216
0.0,150750.0,247500.0,-19087.0,0.6262875645956664,0.4938628816996244
0.0,229500.0,808650.0,-21588.0,0.6193888129118037,0.6161216908872079
0.0,157500.0,545040.0,-11558.0,0.7290527196773077,0.5884877883422673
2.0,72000.0,254700.0,-10847.0,0.7179689859068571,0.7062051096536562
1.0,112500.0,202500.0,-11175.0,0.4720841737865462,0.5867400085415683
0.0,112500.0,254700.0,-8643.0,0.5659614260608526,0.5352762504724826
0.0,157500.0,592560.0,-9337.0,0.2650475600360688,0.5352762504724826
0.0,117000.0,339241.5,-15138.0,0.502418232531289,0.6127042441012546
2.0,166500.0,675000.0,-12585.0,0.630240460872275,0.5352762504724826
2.0,157500.0,781920.0,-13034.0,0.7459853425075461,0.1428725230413196
0.0,180000.0,1223010.0,-16174.0,0.7559949586835784,0.5352762504724826
0.0,157500.0,651600.0,-19607.0,0.7630599736275052,0.5602843280409464
0.0,130500.0,675000.0,-18970.0,0.5980067070095784,0.4066174366275036
0.0,28350.0,269550.0,-23428.0,0.2487296976618488,0.5352762504724826
0.0,180000.0,125640.0,-15755.0,0.7577895556996982,0.2471909382666521
0.0,2025000.0,382500.0,-17730.0,0.4273561277108668,0.1852020815902493
0.0,202500.0,360000.0,-8940.0,0.0507204666212849,0.4014074137749511
1.0,202500.0,900000.0,-11290.0,0.7032301699773443,0.3016248916841194
0.0,180000.0,301500.0,-8862.0,0.5885936894845518,0.1929422277169508
1.0,315000.0,1255680.0,-15888.0,0.6847183766793794,0.4170996682522097
2.0,112500.0,440784.0,-11420.0,0.0486525757897778,0.3170317785834444
1.0,315000.0,719946.0,-17009.0,0.7286983662403449,0.7380196196295241
0.0,202500.0,1078200.0,-11833.0,0.6318798514022417,0.475849908720221
0.0,135000.0,354276.0,-21199.0,0.2445043284100984,0.2822484337007223
0.0,225000.0,247500.0,-15588.0,0.3391351766587919,0.3589512285783967
1.0,225000.0,468733.5,-10876.0,0.7068046717196228,0.8658959152750668
0.0,67500.0,239850.0,-18114.0,0.7479197144623475,0.4031416766587513
0.0,211500.0,1129500.0,-22111.0,0.3299975832132819,0.6058362647264226
2.0,270000.0,562500.0,-14314.0,0.5424103148029789,0.2925880073368475
2.0,180000.0,254700.0,-14316.0,0.7498689059346317,0.5567274263630174
0.0,148500.0,167121.0,-13813.0,0.3754526358645565,0.5531646987710016
0.0,126000.0,343800.0,-15941.0,0.4945461380443175,0.6127042441012546
1.0,112500.0,1125000.0,-21525.0,0.2629358786975408,0.5352762504724826
0.0,157500.0,685012.5,-14357.0,0.4884906348514858,0.5762088360175724
1.0,90000.0,157500.0,-9600.0,0.6026238850939697,0.1745642655572634
1.0,112500.0,397017.0,-11256.0,0.1857263161848868,0.470456116119975
0.0,243000.0,270000.0,-17709.0,0.7024491830125494,0.7366226976503176
0.0,225000.0,528633.0,-16617.0,0.4722749227543728,0.6075573001388961
0.0,135000.0,1256400.0,-17816.0,0.6074053904559067,0.5814837058057234
0.0,175500.0,187929.0,-17243.0,0.4694036763777429,0.6528965519806539
0.0,90000.0,239850.0,-24947.0,0.6810863906097395,0.7490217048463391
0.0,45000.0,225000.0,-19566.0,0.5964391699519216,0.7557400501752248
0.0,112500.0,391500.0,-16950.0,0.6639245541612238,0.4632753280912678
0.0,315000.0,1024740.0,-12220.0,0.6275304354888024,0.7675231046555077
0.0,112500.0,585000.0,-12326.0,0.6352254835852345,0.8256357449717892
0.0,202500.0,2013840.0,-18308.0,0.7656045313463811,0.4507472818545589
0.0,225000.0,1223010.0,-10973.0,0.6009102687771327,0.7151031019926098
0.0,238500.0,291384.0,-10477.0,0.4417013952348108,0.4920600938649263
0.0,301500.0,469152.0,-21186.0,0.6245355143357533,0.4866531565147181
0.0,121500.0,454500.0,-19793.0,0.68583141122423,0.4776491548517548
0.0,135000.0,775327.5,-20154.0,0.0753124422698254,0.3962195720630885
0.0,396000.0,1125171.0,-15617.0,0.4511475139180595,0.3723336657058204
0.0,242550.0,1406880.0,-22934.0,0.6504267743349164,0.7295666907060153
0.0,103500.0,265851.0,-22469.0,0.2675384198957301,0.807273923277881
1.0,270000.0,1687266.0,-15355.0,0.6291900775955684,0.5691487713619409
0.0,270000.0,1687266.0,-14108.0,0.6686941784225079,0.7407990879702335
0.0,76500.0,675000.0,-22596.0,0.653458571260668,0.3689687382528466
0.0,112500.0,270000.0,-8084.0,0.0298379128650086,0.1510075350878296
0.0,58500.0,247275.0,-21722.0,0.6815469448784708,0.6971469077844458
0.0,112500.0,1006920.0,-19891.0,0.7458983146701954,0.1862929496555374
0.0,121500.0,454500.0,-19930.0,0.5142174453088691,0.5352762504724826
0.0,54000.0,127350.0,-23448.0,0.7178405574265971,0.8406665596573005
1.0,157500.0,135000.0,-14687.0,0.5889960699369411,0.6674577419214722
1.0,256500.0,253377.0,-10972.0,0.1307208918784871,0.2970866116472028
0.0,112500.0,531706.5,-16423.0,0.5629347101367803,0.4471785780453068
0.0,247500.0,388512.0,-11140.0,0.5738832969364318,0.6925590674998008
0.0,265500.0,792477.0,-15893.0,0.6484353382241267,0.3062022983135042
1.0,135000.0,405000.0,-9716.0,0.7127863706621222,0.5656079814115492
0.0,67500.0,501948.0,-19802.0,0.0531402933898,0.5352762504724826
0.0,87750.0,247275.0,-23998.0,0.4891190125805449,0.5352762504724826
0.0,112500.0,135000.0,-23645.0,0.6417970072242652,0.7281412993111438
1.0,90000.0,180000.0,-10761.0,0.5620359973296488,0.6894791426446275
2.0,112500.0,864000.0,-11922.0,0.2407392316605993,0.5779691187553125
0.0,49500.0,197820.0,-14717.0,0.0205853372775324,0.5352762504724826
2.0,229500.0,610335.0,-12810.0,0.6578574440155289,0.4258928980051529
0.0,225000.0,1006920.0,-20463.0,0.7793075785646181,0.6690566947824041
0.0,72000.0,254700.0,-22226.0,0.7408171516840655,0.7091891096653581
0.0,135000.0,746626.5,-16069.0,0.4296373929152741,0.4776491548517548
0.0,112500.0,765000.0,-15717.0,0.7399891439535897,0.6041125998015721
1.0,54000.0,112068.0,-15643.0,0.3802384800801298,0.3859146722745145
2.0,157500.0,651600.0,-11683.0,0.5563817057531176,0.2764406945454034
2.0,135000.0,1288350.0,-15712.0,0.4516511315467914,0.501075160239048
0.0,112500.0,134775.0,-10205.0,0.1274367598131674,0.5726825047161584
0.0,202500.0,545040.0,-15034.0,0.6908929456409371,0.2301588968634147
0.0,135000.0,202500.0,-11457.0,0.4861577749817941,0.6738300778602003
1.0,157500.0,324000.0,-10411.0,0.6320019205861112,0.5352762504724826
0.0,540000.0,1078200.0,-17323.0,0.5398691341796813,0.5172965813614878
0.0,99000.0,977724.0,-16041.0,0.4044279738048801,0.5602843280409464
0.0,112500.0,688500.0,-22252.0,0.5324840925654932,0.4992720153045617
1.0,135000.0,234000.0,-12852.0,0.4022282392328423,0.6848276586890367
0.0,67500.0,178290.0,-24745.0,0.1915258625230554,0.6879328378491735
0.0,90000.0,318645.0,-22030.0,0.6683307334048741,0.3825018041447388
1.0,67500.0,101880.0,-10374.0,0.2406792811446295,0.4794489811780563
0.0,67500.0,95940.0,-21991.0,0.5697445889788223,0.6023863442690867
1.0,157500.0,225000.0,-10669.0,0.1219480814436652,0.6769925032909132
0.0,126000.0,594121.5,-22968.0,0.7786336332826906,0.3910549766342248
0.0,202500.0,526500.0,-17003.0,0.5578600842408517,0.4400578303966329
0.0,135000.0,640080.0,-13020.0,0.4942126995653087,0.6363761710860439
1.0,112500.0,314100.0,-11634.0,0.4631998055574171,0.2851799046358216
0.0,135000.0,544491.0,-13614.0,0.6311928977527985,0.2692857999073816
0.0,112500.0,247500.0,-8541.0,0.0613528261041832,0.2525986978339766
0.0,180000.0,1350000.0,-10284.0,0.7059066004778441,0.5352762504724826
0.0,117000.0,1024740.0,-8805.0,0.5873169385729095,0.6144143775673561
0.0,90000.0,900000.0,-19313.0,0.524419463571891,0.5352762504724826
0.0,135000.0,1042560.0,-19933.0,0.6292053832377807,0.2678689358444539
0.0,112500.0,337500.0,-12001.0,0.6076608780433802,0.7209441499436497
1.0,405000.0,640080.0,-14223.0,0.546001094784575,0.5352762504724826
1.0,225000.0,545040.0,-11206.0,0.5925117670702922,0.6347055309763198
0.0,270000.0,900000.0,-21340.0,0.7208646215167975,0.475849908720221
2.0,112500.0,454500.0,-15529.0,0.5321411165752807,0.5028782772082183
0.0,45000.0,327024.0,-20667.0,0.2665197753925157,0.7544061731797895
0.0,99000.0,117162.0,-20564.0,0.7042195390033283,0.5352762504724826
0.0,112500.0,247500.0,-21432.0,0.6142928633127689,0.6940926425266661
0.0,112500.0,1078200.0,-23289.0,0.6591900495008605,0.4884551844437485
0.0,270000.0,720000.0,-14921.0,0.696667485193953,0.7751552674785404
0.0,90000.0,260640.0,-24180.0,0.5979593944418736,0.7826078370261895
0.0,112500.0,270000.0,-9577.0,0.702896911120988,0.3740208032583212
0.0,112500.0,331834.5,-23755.0,0.3405824736802565,0.5352762504724826
0.0,180000.0,332946.0,-15103.0,0.7982356665179351,0.5298898341969072
2.0,90000.0,202500.0,-16183.0,0.5974440952359762,0.5549467685334323
2.0,99000.0,436032.0,-10944.0,0.1405648504850698,0.3589512285783967
1.0,135000.0,450000.0,-14719.0,0.4098011492529554,0.2225807646753351
0.0,180000.0,563269.5,-10300.0,0.0240214805177299,0.5352762504724826
0.0,292500.0,1575000.0,-10167.0,0.70056265195321,0.5082869913916046
2.0,81000.0,117162.0,-11053.0,0.3814347589940718,0.5352762504724826
0.0,112500.0,967500.0,-16897.0,0.6573158210441619,0.5352762504724826
0.0,144000.0,1024290.0,-16667.0,0.5623051159972904,0.7380196196295241
0.0,90000.0,202500.0,-15382.0,0.6922316384385054,0.3457848024695955
0.0,180000.0,781920.0,-15060.0,0.6448978383770547,0.3062022983135042
0.0,193500.0,1147500.0,-19569.0,0.6141944150324954,0.2471909382666521
0.0,135000.0,315000.0,-15571.0,0.6249251425435919,0.2955826421513093
0.0,38250.0,98910.0,-22597.0,0.5784383271312111,0.6313545365850379
2.0,270000.0,1185282.0,-17051.0,0.7094486613920431,0.8193176922872417
1.0,202500.0,521280.0,-10056.0,0.2124369819072672,0.6528965519806539
0.0,85500.0,599472.0,-12791.0,0.5998242208881726,0.7001838506835805
0.0,180000.0,1024740.0,-15124.0,0.4327535015568649,0.8128226070575616
1.0,180000.0,163332.0,-8611.0,0.3812129257871774,0.0426338430544307
0.0,157500.0,824823.0,-20295.0,0.2362949593109763,0.5136937663039473
0.0,112500.0,894906.0,-19677.0,0.0657808033187125,0.5352762504724826
0.0,166500.0,376078.5,-8927.0,0.2897212419460685,0.5352762504724826
0.0,108000.0,303489.0,-21755.0,0.3593182363659372,0.4188542886233217
1.0,225000.0,473760.0,-13596.0,0.5915505010985768,0.5352762504724826
0.0,315000.0,296280.0,-10149.0,0.5004447019601558,0.1664055461839363
0.0,76500.0,272520.0,-13055.0,0.602519148522533,0.6195277080511546
1.0,112500.0,225000.0,-10815.0,0.6152871832623411,0.3825018041447388
1.0,157500.0,202500.0,-16223.0,0.253284768428344,0.3910549766342248
0.0,90000.0,544491.0,-22851.0,0.7770389550995289,0.7252764347002191
0.0,144000.0,239850.0,-21423.0,0.6513708764512699,0.5989262182569273
0.0,117000.0,225000.0,-19871.0,0.7732849814348132,0.6109913280868294
0.0,49500.0,74182.5,-22295.0,0.174435094931364,0.4507472818545589
0.0,202500.0,1006920.0,-18847.0,0.7353258048957276,0.6279908192952864
0.0,157500.0,165024.0,-16681.0,0.1621921059592286,0.4365064990977374
0.0,90000.0,314100.0,-17027.0,0.4605529118958775,0.8425892767430772
1.0,121500.0,568057.5,-9717.0,0.418507619465926,0.5136937663039473
0.0,103500.0,450000.0,-19470.0,0.1040626079234875,0.3139166772114369
0.0,180000.0,781920.0,-17293.0,0.7213439873616608,0.4223696523543468
0.0,112500.0,180000.0,-14125.0,0.5842447837671353,0.5352762504724826
0.0,180000.0,254700.0,-17277.0,0.60219440550037,0.5352762504724826
2.0,153000.0,360000.0,-13318.0,0.7004250159335118,0.324891229465852
1.0,81000.0,585000.0,-14061.0,0.7029471420326784,0.3123653692278984
1.0,180000.0,436032.0,-17344.0,0.6341607487144458,0.4294236843421945
0.0,90000.0,830214.0,-14032.0,0.5333876592404788,0.6109913280868294
0.0,54000.0,206280.0,-20019.0,0.388491555803847,0.5352762504724826
1.0,90000.0,891072.0,-17922.0,0.0038980201826125,0.7688075728291359
1.0,301500.0,942300.0,-17034.0,0.4301143762828877,0.6925590674998008
0.0,202500.0,1354500.0,-19897.0,0.7412116369900852,0.7544061731797895
0.0,292500.0,1575000.0,-21995.0,0.7460474932123411,0.2940831009471255
0.0,225000.0,1206000.0,-20904.0,0.6210010673322365,0.5424451438613613
2.0,90000.0,247500.0,-13325.0,0.5184988775506173,0.434733248750173
0.0,135000.0,364428.0,-15680.0,0.4518352745977593,0.4848514754962666
0.0,180000.0,256500.0,-20069.0,0.5145670367196721,0.133429254467317
0.0,135000.0,906615.0,-10292.0,0.5335835847653008,0.5352762504724826
1.0,270000.0,1687266.0,-13233.0,0.6474276917873898,0.3474182272002641
0.0,202500.0,698517.0,-21437.0,0.3262613859924608,0.5154953751603267
0.0,99000.0,808650.0,-18330.0,0.1704749244258174,0.5814837058057234
0.0,189000.0,573628.5,-17303.0,0.4739047882467746,0.470456116119975
1.0,202500.0,1305000.0,-20021.0,0.4982579508887639,0.475849908720221
0.0,157500.0,1174977.0,-14972.0,0.3510548025131566,0.6212263380626669
1.0,180000.0,592560.0,-11516.0,0.4779954507559247,0.5352762504724826
0.0,225000.0,790830.0,-9757.0,0.5636071294127138,0.3656165070113335
0.0,270000.0,288000.0,-13150.0,0.6962375511730732,0.375711009574066
0.0,112500.0,590337.0,-20632.0,0.194293834370055,0.5513812618027899
0.0,121500.0,562491.0,-22080.0,0.4806532701224859,0.6971469077844458
0.0,81000.0,343377.0,-11214.0,0.2652563401861944,0.3506958432829587
2.0,292500.0,364500.0,-13799.0,0.4422946612453707,0.2103502286944494
0.0,90000.0,270000.0,-8491.0,0.4962407302032871,0.5352762504724826
0.0,315000.0,497520.0,-15362.0,0.5090322123888877,0.5620604831738043
1.0,90000.0,900000.0,-11873.0,0.6394207038380507,0.5726825047161584
0.0,202500.0,315000.0,-18207.0,0.7299459512203599,0.4578995512067301
0.0,81000.0,225000.0,-24065.0,0.1621921059592286,0.1237353221130787
0.0,112500.0,381528.0,-17392.0,0.2617678790286115,0.633031641417419
0.0,450000.0,1255680.0,-15353.0,0.6352812190633319,0.7583930617144343
0.0,108000.0,781920.0,-19282.0,0.4354018239830744,0.5352762504724826
0.0,292500.0,1078200.0,-20248.0,0.6861705568824936,0.4920600938649263
1.0,112500.0,263686.5,-10975.0,0.4208189957455892,0.1183643263674006
1.0,81000.0,142200.0,-13769.0,0.5578169343039181,0.5262949398096192
0.0,121500.0,346968.0,-12131.0,0.6401061081048707,0.3092753558842053
1.0,202500.0,288873.0,-10767.0,0.5273473108798393,0.5352762504724826
2.0,229500.0,52767.0,-15678.0,0.7145246789451581,0.8193176922872417
1.0,135000.0,440784.0,-19973.0,0.4779299754466927,0.6971469077844458
0.0,292500.0,544491.0,-16533.0,0.5777289627575141,0.6058362647264226
1.0,270000.0,756000.0,-12675.0,0.6779194847386771,0.5190973382084597
0.0,180000.0,1312110.0,-23485.0,0.7811710935276045,0.5352762504724826
1.0,148500.0,1193580.0,-10327.0,0.6816940575892927,0.6313545365850379
0.0,157500.0,553806.0,-20399.0,0.7536193219125121,0.3392876999089139
0.0,90000.0,388512.0,-18475.0,0.7777352704214873,0.5352762504724826
0.0,180000.0,405000.0,-19673.0,0.6704310784989117,0.6801388218428291
1.0,225000.0,582768.0,-9908.0,0.7670807254091129,0.6109913280868294
0.0,180000.0,315000.0,-22730.0,0.4237745004922259,0.2594676548211199
0.0,135000.0,1506816.0,-11747.0,0.7086185659755496,0.5334816299804352
0.0,135000.0,584766.0,-15001.0,0.6025453335462858,0.7490217048463391
0.0,166500.0,888840.0,-17048.0,0.7318684726184893,0.646329897706246
0.0,112500.0,247500.0,-21766.0,0.0788541774403786,0.3962195720630885
0.0,99000.0,284400.0,-14992.0,0.3708032341592066,0.5352762504724826
0.0,135000.0,247275.0,-19997.0,0.0813107269975509,0.6296742509538716
0.0,283500.0,1006920.0,-19494.0,0.6194506733960246,0.2276129150623945
0.0,180000.0,808650.0,-20609.0,0.8036877664830856,0.5709165417729987
0.0,157500.0,1339884.0,-15879.0,0.4795725376327342,0.5352762504724826
0.0,193500.0,625500.0,-19835.0,0.4212187821165541,0.3376727217405312
0.0,202500.0,225000.0,-12858.0,0.0356144696999396,0.5352762504724826
0.0,153000.0,703728.0,-14302.0,0.0290919191910782,0.3672910183026313
2.0,279000.0,900000.0,-12297.0,0.6998281750825532,0.5814837058057234
1.0,112500.0,265851.0,-11784.0,0.5255755480397455,0.3723336657058204
0.0,157500.0,922666.5,-13533.0,0.1879055474907074,0.3233112448967859
0.0,54000.0,125136.0,-22921.0,0.7233876786727379,0.5726825047161584
0.0,292500.0,337500.0,-23023.0,0.1268591599231807,0.6642482627052363
0.0,315000.0,545040.0,-12819.0,0.2103554163209216,0.2176285202779586
0.0,270000.0,545040.0,-16366.0,0.693464849265496,0.4722533429586386
0.0,121500.0,219042.0,-20047.0,0.4326568799647017,0.6178261467332483
0.0,301500.0,203760.0,-10843.0,0.3408919443000558,0.3740208032583212
0.0,76500.0,517500.0,-21049.0,0.7043470601001426,0.41534714488434
0.0,148500.0,437877.0,-11496.0,0.4168428709395456,0.5352762504724826
2.0,81000.0,67500.0,-10694.0,0.6259855452043995,0.7136313997323308
0.0,90000.0,270000.0,-19340.0,0.7841431638822005,0.5352762504724826
1.0,225000.0,1113840.0,-14926.0,0.7627435363343387,0.5352762504724826
2.0,270000.0,679671.0,-17097.0,0.2145888278142498,0.4048783643353997
0.0,157500.0,450000.0,-13004.0,0.3399835679629337,0.6041125998015721
0.0,112500.0,284400.0,-23070.0,0.2513293930978112,0.5352762504724826
1.0,180000.0,331834.5,-15480.0,0.7357299184027534,0.6528965519806539
0.0,54000.0,123637.5,-23247.0,0.5972179265554542,0.7958031328748403
0.0,225000.0,1724220.0,-20670.0,0.5030195731921195,0.6075573001388961
0.0,202500.0,327024.0,-11895.0,0.7173929950712951,0.7583930617144343
0.0,157500.0,755190.0,-12558.0,0.4294659251582126,0.5352762504724826
0.0,135000.0,474048.0,-19064.0,0.5386575346870627,0.1491674613233488
0.0,189000.0,695439.0,-15794.0,0.3738336872912639,0.6706517530862718
0.0,135000.0,545040.0,-20973.0,0.6808013344611817,0.4632753280912678
0.0,67500.0,271066.5,-20555.0,0.5838410383335041,0.6626377922738201
0.0,72000.0,325908.0,-18832.0,0.531868891772865,0.5352762504724826
1.0,405000.0,1255680.0,-17356.0,0.6564976867440595,0.4525335592581747
1.0,121500.0,765261.0,-20141.0,0.6221326862793151,0.7476633896301825
0.0,180000.0,278613.0,-8971.0,0.6919194094319698,0.5352762504724826
2.0,135000.0,675000.0,-14054.0,0.621819051911367,0.7850520263728172
2.0,67500.0,225000.0,-9319.0,0.5344433568166397,0.5352762504724826
1.0,135000.0,246357.0,-10585.0,0.476418802445023,0.5352762504724826
1.0,135000.0,135000.0,-11055.0,0.4393461705928304,0.4543210601605785
2.0,94500.0,414792.0,-11488.0,0.4641514626480642,0.3328505641648731
0.0,135000.0,348264.0,-17196.0,0.6561622786435669,0.2539628093363117
0.0,153000.0,314100.0,-21154.0,0.6156494568027608,0.5064842396679806
3.0,103500.0,239850.0,-14611.0,0.6134064930669026,0.4632753280912678
0.0,67500.0,99000.0,-21282.0,0.4723185236571182,0.5352762504724826
2.0,67500.0,180000.0,-13899.0,0.4944641445144658,0.6279908192952864
2.0,130500.0,849415.5,-11568.0,0.1704996647746675,0.3523399726917038
0.0,121500.0,654498.0,-20611.0,0.6662188041139199,0.6212263380626669
2.0,292500.0,800500.5,-14573.0,0.0110820165046612,0.7700870700124128
1.0,292500.0,675000.0,-10891.0,0.6106597082708743,0.3539876078507373
0.0,157500.0,1293502.5,-19841.0,0.5363036749032378,0.5709165417729987
0.0,83250.0,229500.0,-23142.0,0.0200413929940863,0.4866531565147181
0.0,135000.0,454500.0,-18471.0,0.5550967549683118,0.5352762504724826
0.0,270000.0,1293502.5,-20399.0,0.4835906911549514,0.2418614865234661
1.0,315000.0,1113840.0,-16861.0,0.4464520430390672,0.656158373001177
1.0,360000.0,1971072.0,-12143.0,0.7095072566022936,0.4812493411434029
0.0,180000.0,568800.0,-18764.0,0.1243232982222055,0.2127563054543414
0.0,90000.0,245268.0,-17582.0,0.2230621740121744,0.5352762504724826
0.0,157500.0,715095.0,-13790.0,0.2622583692422573,0.6058362647264226
0.0,135000.0,310671.0,-8723.0,0.3272282936935652,0.5352762504724826
0.0,180000.0,543037.5,-16244.0,0.6826849353194961,0.5100895276257282
0.0,337500.0,1256400.0,-21551.0,0.5937835622492493,0.5370699579791587
0.0,202500.0,728460.0,-15140.0,0.2858978721410488,0.1351060157401717
1.0,157500.0,495000.0,-10409.0,0.1146046574879627,0.5352762504724826
0.0,99000.0,450000.0,-19634.0,0.204591888133559,0.6848276586890367
0.0,202500.0,1546020.0,-21932.0,0.6176551520934632,0.5352762504724826
2.0,270000.0,225000.0,-14768.0,0.6440610977338163,0.3927738606031339
0.0,45000.0,137538.0,-18495.0,0.699400787946153,0.5352762504724826
1.0,90000.0,270000.0,-10781.0,0.6627965073879476,0.5352762504724826
0.0,499500.0,938304.0,-17903.0,0.7399302355107941,0.5352762504724826
0.0,450000.0,1249740.0,-11597.0,0.3400228248257174,0.5352762504724826
0.0,225000.0,178290.0,-15781.0,0.6556243142545193,0.4014074137749511
0.0,225000.0,576000.0,-22359.0,0.1907887872788906,0.3409064264152384
0.0,112500.0,1078200.0,-15323.0,0.6870880775503007,0.5262949398096192
0.0,90000.0,1076247.0,-18956.0,0.5245612618483826,0.8528284668510541
0.0,202500.0,729792.0,-11894.0,0.6733716947819601,0.7662336700704004
0.0,202500.0,457834.5,-22984.0,0.3240110168053869,0.7826078370261895
0.0,112500.0,199080.0,-8829.0,0.4659031889889849,0.2970866116472028
3.0,157500.0,284400.0,-11941.0,0.5786196165773563,0.445396241560834
0.0,135000.0,360000.0,-22004.0,0.5447486428283232,0.6832688314232291
1.0,157500.0,379008.0,-11922.0,0.2496789150019747,0.133429254467317
0.0,135000.0,95940.0,-20790.0,0.7257704046328222,0.5136937663039473
2.0,315000.0,1071909.0,-14491.0,0.5618206761006089,0.2539628093363117
2.0,180000.0,904500.0,-14150.0,0.6394509542684046,0.363945238612397
0.0,360000.0,485640.0,-9397.0,0.607394961141,0.4686596550493113
0.0,225000.0,576072.0,-9123.0,0.2560116410071271,0.6313545365850379
0.0,135000.0,398016.0,-14185.0,0.2581709368636702,0.1694287272664794
0.0,135000.0,178290.0,-8648.0,0.5724870076178051,0.5352762504724826
2.0,180000.0,1108089.0,-12997.0,0.2973072095401912,0.5352762504724826
1.0,247500.0,225000.0,-11346.0,0.3735010244347136,0.2896112383820055
0.0,157500.0,261648.0,-12964.0,0.4964047281986215,0.5531646987710016
1.0,126000.0,463284.0,-15282.0,0.2090616041311052,0.3876253444214701
0.0,90000.0,180000.0,-9000.0,0.4623516969629193,0.5352762504724826
0.0,180000.0,202500.0,-18227.0,0.608406147222984,0.5513812618027899
0.0,180000.0,1256400.0,-17592.0,0.5259135969588691,0.5226973172821112
0.0,90000.0,450000.0,-20619.0,0.4184437607582477,0.7922644738669378
0.0,157500.0,473760.0,-10678.0,0.6171696011213805,0.5352762504724826
1.0,112500.0,276277.5,-10535.0,0.6370122699417077,0.5352762504724826
1.0,180000.0,440784.0,-15984.0,0.657630997093341,0.5352762504724826
0.0,112500.0,284400.0,-8616.0,0.6355851668774217,0.7136313997323308
0.0,99000.0,338314.5,-24541.0,0.5740116325839113,0.4206109640437848
1.0,112500.0,202500.0,-10852.0,0.6464986974087265,0.5190973382084597
0.0,162000.0,900000.0,-10205.0,0.5177891171016166,0.0908147089893367
0.0,69750.0,544491.0,-11892.0,0.0602403112229414,0.1161249142719599
0.0,112500.0,152820.0,-13917.0,0.7008882462326546,0.5352762504724826
0.0,306000.0,495000.0,-17115.0,0.6351798791333456,0.4956658291397297
0.0,90000.0,553806.0,-16942.0,0.4169598205517009,0.5352762504724826
0.0,135000.0,528633.0,-11138.0,0.5948011485149465,0.190705947811054
1.0,77850.0,247500.0,-15130.0,0.6119898541202536,0.7267112092725122
1.0,121500.0,360000.0,-13979.0,0.7277288950388684,0.5352762504724826
0.0,270000.0,473161.5,-13349.0,0.5908740257804295,0.6092756673894402
1.0,90000.0,96696.0,-13392.0,0.4019706312799787,0.434733248750173
0.0,45000.0,129519.0,-25136.0,0.2239692400801951,0.5352762504724826
0.0,202500.0,270000.0,-10274.0,0.5500850533663688,0.4436153084085652
1.0,225000.0,585000.0,-11463.0,0.7047203311505799,0.2764406945454034
0.0,135000.0,307152.0,-10503.0,0.6038747572165359,0.2250868621163805
0.0,175500.0,859212.0,-20045.0,0.7427188134664595,0.7180328113294772
2.0,135000.0,550980.0,-15198.0,0.2307916327452653,0.511891801533151
0.0,157500.0,405000.0,-16815.0,0.663143421167709,0.1317701325313814
0.0,90000.0,263686.5,-24027.0,0.7228360065203252,0.5937175866150576
0.0,54000.0,180000.0,-18655.0,0.6587575961372688,0.5064842396679806
0.0,427500.0,1575000.0,-21591.0,0.6462387801643792,0.5352762504724826
0.0,112500.0,180000.0,-9330.0,0.4902119241605734,0.2020866016820394
0.0,135000.0,509922.0,-14965.0,0.3758783298039064,0.5352762504724826
0.0,450000.0,552555.0,-14611.0,0.5176908368550212,0.6023863442690867
0.0,157500.0,1078200.0,-10940.0,0.4385760553331873,0.248535557339522
0.0,72000.0,309420.0,-17044.0,0.4156951372431917,0.5352762504724826
0.0,225000.0,900000.0,-11576.0,0.2424942803313961,0.4794489811780563
0.0,126000.0,544068.0,-19195.0,0.2622583692422573,0.5352762504724826
2.0,121500.0,450000.0,-13415.0,0.6020162823897439,0.5919766183185521
0.0,90000.0,225000.0,-24359.0,0.2620553359511834,0.6863823354047934
1.0,112500.0,1078200.0,-11883.0,0.5569537531012884,0.5352762504724826
3.0,135000.0,269550.0,-13588.0,0.6144482889272188,0.2250868621163805
1.0,121500.0,325908.0,-10480.0,0.0992956113132737,0.5352762504724826
2.0,121500.0,272520.0,-13832.0,0.5509778777321223,0.5352762504724826
0.0,135000.0,450000.0,-17613.0,0.4690224445861711,0.5531646987710016
1.0,189000.0,1305909.0,-17511.0,0.3327641503725497,0.6263042766749393
1.0,90000.0,1350000.0,-13382.0,0.7307469807361988,0.2750003523983893
0.0,112500.0,500211.0,-22852.0,0.7752570798770778,0.5352762504724826
1.0,157500.0,440784.0,-17262.0,0.6335720460409197,0.1161249142719599
0.0,180000.0,339241.5,-20425.0,0.6254887915065707,0.4884551844437485
1.0,225000.0,497520.0,-15980.0,0.4503246128067648,0.5334816299804352
1.0,270000.0,367389.0,-14293.0,0.6309637947929793,0.6863823354047934
0.0,225000.0,679500.0,-10769.0,0.6586592743998916,0.6058362647264226
0.0,202500.0,677664.0,-19921.0,0.7088532996832558,0.5352762504724826
0.0,112500.0,675000.0,-17982.0,0.2168752959143598,0.7121551551910698
0.0,67500.0,539100.0,-20115.0,0.5779050004908134,0.5673792367572691
0.0,225000.0,288000.0,-10517.0,0.6513361147619012,0.5352762504724826
0.0,202500.0,468000.0,-22436.0,0.3113141866787075,0.6940926425266661
0.0,135000.0,1125000.0,-10497.0,0.3420278293317465,0.501075160239048
0.0,135000.0,324000.0,-10325.0,0.1266195574788203,0.0655500263257595
0.0,225000.0,1741972.5,-18869.0,0.7513589186731517,0.5352762504724826
3.0,76500.0,247275.0,-12585.0,0.0782700541435194,0.5352762504724826
0.0,261000.0,991818.0,-20502.0,0.5064251321629735,0.5172965813614878
0.0,112500.0,640080.0,-11117.0,0.5925487247512586,0.5352762504724826
0.0,180000.0,558841.5,-21478.0,0.5579571684041602,0.746300213050371
0.0,90000.0,225000.0,-11398.0,0.6124363268542038,0.7180328113294772
1.0,90000.0,76410.0,-14414.0,0.6157632877319867,0.7136313997323308
1.0,67500.0,138204.0,-11778.0,0.669865521736047,0.228883416700673
0.0,112500.0,263686.5,-9756.0,0.2876018732289205,0.6894791426446275
0.0,67500.0,360000.0,-20365.0,0.5485746372147822,0.4471785780453068
2.0,180000.0,808650.0,-13504.0,0.6641489642998615,0.1704461230452281
0.0,135000.0,592560.0,-17540.0,0.2251534885564108,0.5280927512030451
0.0,112500.0,297130.5,-20499.0,0.5989840902571293,0.5352762504724826
0.0,67500.0,343800.0,-17440.0,0.0911607591866079,0.1556893746835917
0.0,180000.0,808650.0,-20155.0,0.631747590716944,0.5370699579791587
0.0,153000.0,276277.5,-21914.0,0.0207229005066244,0.6413682574954046
1.0,157500.0,746280.0,-9539.0,0.4878950755921826,0.5352762504724826
2.0,270000.0,508495.5,-13386.0,0.5579841354415206,0.3859146722745145
1.0,112500.0,301464.0,-10285.0,0.1236298118653266,0.5352762504724826
2.0,123750.0,675000.0,-11875.0,0.6394761621147891,0.2225807646753351
0.0,135000.0,299772.0,-13604.0,0.5583238907642428,0.6195277080511546
0.0,112500.0,284400.0,-21237.0,0.6387145466919927,0.8482442999507556
2.0,157500.0,1130760.0,-13986.0,0.7111944942125918,0.5352762504724826
0.0,180000.0,834048.0,-19343.0,0.6174640589401507,0.5352762504724826
0.0,112500.0,112500.0,-9078.0,0.5698839570971597,0.4276573700350293
0.0,90000.0,521280.0,-18564.0,0.7108305439614286,0.5226973172821112
2.0,171000.0,688500.0,-13829.0,0.5251938517438115,0.7016957740576931
0.0,135000.0,714154.5,-18304.0,0.4664637034667362,0.6246146584503397
1.0,90000.0,225000.0,-11843.0,0.2599843040827901,0.5352762504724826
1.0,90000.0,247500.0,-9822.0,0.5706395676995046,0.3996756156233169
0.0,225000.0,675000.0,-11602.0,0.5405154909429712,0.470456116119975
1.0,67500.0,337500.0,-17248.0,0.3585684988353451,0.3589512285783967
0.0,126000.0,314100.0,-23940.0,0.7522851181355839,0.8633633824101478
0.0,270000.0,1219500.0,-21476.0,0.6727028076580538,0.8633633824101478
0.0,112500.0,337500.0,-17182.0,0.3939130694298256,0.6075573001388961
0.0,180000.0,382500.0,-23639.0,0.162144567666238,0.6161216908872079
1.0,112500.0,504000.0,-12656.0,0.3850270065935933,0.7886807751817684
0.0,135000.0,225000.0,-12532.0,0.2529003273335212,0.7557400501752248
1.0,202500.0,1271929.5,-15397.0,0.4457279953257087,0.5585066276769286
1.0,45000.0,270000.0,-14712.0,0.313056224839551,0.6528965519806539
1.0,135000.0,201024.0,-11137.0,0.6948993308297655,0.7338145369642702
0.0,157500.0,331834.5,-18637.0,0.668921834846135,0.2176285202779586
0.0,121500.0,544491.0,-15995.0,0.6804258042433559,0.5971924268337128
0.0,153000.0,755190.0,-18714.0,0.6529830335120981,0.5531646987710016
1.0,270000.0,835380.0,-12328.0,0.6903509590397512,0.2910973802776635
0.0,225000.0,564124.5,-19378.0,0.2671700532642298,0.4276573700350293
1.0,112500.0,474048.0,-14531.0,0.6531316719157394,0.520897599048938
1.0,112500.0,253737.0,-13741.0,0.1706172203864839,0.5046813193144684
0.0,157500.0,134316.0,-12194.0,0.6372296666627345,0.6144143775673561
1.0,157500.0,609187.5,-18340.0,0.2294318380077356,0.6479768603302221
0.0,135000.0,382500.0,-20857.0,0.5113054963600074,0.6127042441012546
1.0,180000.0,270000.0,-10978.0,0.6463837446835238,0.5460231970049609
0.0,292500.0,263686.5,-11556.0,0.6592637367355662,0.7366226976503176
0.0,76500.0,47970.0,-19857.0,0.6990558682909402,0.6075573001388961
0.0,225000.0,562500.0,-21506.0,0.1504614324822702,0.7700870700124128
0.0,112500.0,247275.0,-10004.0,0.3629709888682018,0.2750003523983893
1.0,126000.0,512064.0,-12296.0,0.7527127528442432,0.5352762504724826
2.0,112500.0,1125000.0,-15908.0,0.6966212722160628,0.7016957740576931
0.0,90000.0,270000.0,-11113.0,0.5556745351329472,0.7922644738669378
2.0,81000.0,180000.0,-11355.0,0.6864906786143247,0.5549467685334323
0.0,301500.0,481495.5,-16635.0,0.5352430876880968,0.4938628816996244
1.0,247500.0,675000.0,-11688.0,0.6036393406405842,0.5884877883422673
0.0,180000.0,157500.0,-21856.0,0.7326059200044662,0.6380435278721609
0.0,112500.0,781920.0,-21489.0,0.4191889485518691,0.7898803468924867
0.0,247500.0,540000.0,-14961.0,0.4759606246277152,0.4956658291397297
0.0,112500.0,573408.0,-19300.0,0.763601196311752,0.7394117535524816
0.0,270000.0,808650.0,-18680.0,0.7012273819222192,0.656158373001177
0.0,225000.0,755190.0,-23040.0,0.4651849858032242,0.5352762504724826
0.0,161100.0,500211.0,-22235.0,0.7376302961890032,0.5352762504724826
1.0,126000.0,254700.0,-16535.0,0.162144567666238,0.5352762504724826
0.0,90000.0,276277.5,-21783.0,0.7007827942531447,0.6848276586890367
0.0,193500.0,561384.0,-12900.0,0.4638577802826426,0.6610235391308081
2.0,45000.0,509400.0,-11202.0,0.7257138216845573,0.7352209993926424
0.0,157500.0,1288350.0,-20319.0,0.7467304887069286,0.7281412993111438
0.0,112500.0,900000.0,-18880.0,0.1915258625230554,0.4884551844437485
0.0,225000.0,270000.0,-9090.0,0.6432736579131698,0.4507472818545589
0.0,112500.0,177903.0,-11208.0,0.439944153979832,0.2238313174701554
0.0,153000.0,521280.0,-21820.0,0.5407653067337002,0.0005272652387098
0.0,157500.0,1051245.0,-14728.0,0.003977180234084,0.6263042766749393
0.0,247500.0,972441.0,-18697.0,0.587544827229703,0.7981372313187245
0.0,112500.0,450000.0,-10329.0,0.5792006661066271,0.6006575372857061
0.0,225000.0,539100.0,-16406.0,0.6537655266520677,0.3572932680336494
0.0,450000.0,1312110.0,-10552.0,0.4715610186214181,0.7801436381572275
0.0,225000.0,285264.0,-17192.0,0.5805218673909435,0.5352762504724826
1.0,225000.0,1078200.0,-11924.0,0.6714063487883749,0.1054731864873376
0.0,270000.0,1493086.5,-9652.0,0.520845999282634,0.6178261467332483
1.0,81000.0,361462.5,-17045.0,0.3296882229799499,0.5352762504724826
2.0,112500.0,545040.0,-11674.0,0.1173668709566433,0.5352762504724826
0.0,180000.0,513531.0,-11286.0,0.5836338094553736,0.4507472818545589
0.0,180000.0,72400.5,-14784.0,0.7281576339606439,0.4596904504249018
0.0,202500.0,135000.0,-18087.0,0.5647846429506969,0.5352762504724826
0.0,157500.0,167076.0,-9965.0,0.6986002294339265,0.4812493411434029
0.0,144000.0,808650.0,-21167.0,0.4968857933166366,0.4543210601605785
0.0,126000.0,942300.0,-21704.0,0.7704896298341007,0.7958031328748403
1.0,114750.0,119448.0,-11866.0,0.6390323918125206,0.5046813193144684
0.0,81000.0,123993.0,-22435.0,0.6247764876834561,0.1547436312725944
0.0,81000.0,781920.0,-19767.0,0.5504638670841981,0.1117563710719636
0.0,144000.0,284400.0,-11184.0,0.2628680771117916,0.5352762504724826
0.0,90000.0,254700.0,-24430.0,0.7388219908495753,0.7295666907060153
0.0,202500.0,103500.0,-15146.0,0.5962812544913234,0.5691487713619409
0.0,45000.0,63000.0,-19606.0,0.6280312000531506,0.6075573001388961
0.0,180000.0,1535553.0,-16665.0,0.6772936844700753,0.3344541255096772
1.0,157500.0,870984.0,-13653.0,0.4302430232618937,0.6817058776720116
0.0,180000.0,450000.0,-12973.0,0.5177399771498854,0.4276573700350293
1.0,225000.0,345510.0,-14642.0,0.5363145510360974,0.6626377922738201
2.0,270000.0,607041.0,-14354.0,0.452051930363009,0.7394117535524816
1.0,112500.0,315000.0,-17168.0,0.4174064412814781,0.5549467685334323
0.0,180000.0,1201207.5,-13697.0,0.5499172744211459,0.5352762504724826
0.0,292500.0,781920.0,-12484.0,0.1042217412097755,0.5478104658520093
2.0,180000.0,225000.0,-13065.0,0.5155665698434853,0.2127563054543414
0.0,157500.0,1506816.0,-14284.0,0.2284513417611104,0.4311917977993083
1.0,99000.0,675000.0,-18670.0,0.7548151534245531,0.5316861425197883
1.0,180000.0,225000.0,-9925.0,0.7302475900762719,0.5495965024956946
0.0,112500.0,634482.0,-14176.0,0.4687610493687535,0.5971924268337128
0.0,94500.0,239850.0,-24739.0,0.615644282368553,0.7490217048463391
1.0,157500.0,509922.0,-13690.0,0.6477969824016335,0.6313545365850379
0.0,135000.0,225000.0,-25161.0,0.7603848923018667,0.7597121819739279
2.0,225000.0,284400.0,-10329.0,0.7771828867010883,0.1873887653772306
1.0,225000.0,679500.0,-17317.0,0.6999521902017241,0.5352762504724826
1.0,720000.0,1200744.0,-11941.0,0.6599412977260477,0.445396241560834
1.0,225000.0,1389852.0,-13563.0,0.5639620726362808,0.5478104658520093
0.0,135000.0,904500.0,-17931.0,0.7121188690876951,0.6738300778602003
0.0,180000.0,781920.0,-14788.0,0.7291434219375909,0.7352209993926424
2.0,94500.0,495000.0,-15416.0,0.565601483974698,0.5352762504724826
1.0,202500.0,323388.0,-10656.0,0.6173555845007344,0.3077366963789207
0.0,54000.0,417024.0,-18600.0,0.3689735222078754,0.5352762504724826
1.0,270000.0,1288350.0,-13625.0,0.6451581998707777,0.4561097392782771
1.0,112500.0,152820.0,-10864.0,0.4493612980029484,0.5352762504724826
0.0,202500.0,790830.0,-9958.0,0.0225768288112116,0.3201633668633456
0.0,315000.0,781920.0,-15158.0,0.5764214011943551,0.2764406945454034
0.0,135000.0,1223010.0,-20960.0,0.3090402257557143,0.5352762504724826
0.0,112500.0,900000.0,-15096.0,0.6498647216489171,0.2327247762679433
0.0,112500.0,1293502.5,-14591.0,0.6459587725999981,0.6279908192952864
0.0,193500.0,382500.0,-15166.0,0.5666918404715741,0.6006575372857061
0.0,79200.0,738000.0,-21812.0,0.7156696520274625,0.6910212267577837
0.0,135000.0,254700.0,-13571.0,0.3640587898314125,0.622922000268356
0.0,137250.0,755190.0,-20147.0,0.489556165315347,0.5352762504724826
0.0,202500.0,1006920.0,-16925.0,0.6975909092710705,0.3859146722745145
1.0,270000.0,337500.0,-11330.0,0.7325202365130182,0.2539628093363117
0.0,360000.0,135000.0,-14147.0,0.528230212123173,0.5691487713619409
0.0,103500.0,239850.0,-24514.0,0.5745622929949249,0.4525335592581747
0.0,225000.0,1288350.0,-20690.0,0.5889431319291993,0.1214082861631216
0.0,157500.0,270000.0,-15264.0,0.0684991419202763,0.6528965519806539
0.0,157500.0,1422337.5,-17469.0,0.5118518926945862,0.6642482627052363
0.0,135000.0,247500.0,-17838.0,0.4377201207674789,0.7517237147741489
1.0,135000.0,373311.0,-12780.0,0.5929763016550041,0.2067786544915716
0.0,99000.0,780363.0,-23790.0,0.4155411126815545,0.4956658291397297
0.0,112500.0,495000.0,-9500.0,0.3143791900786599,0.5352762504724826
0.0,225000.0,1408806.0,-18667.0,0.5493110109773539,0.5352762504724826
0.0,112500.0,247500.0,-12275.0,0.5394182343849788,0.8425892767430772
3.0,225000.0,1321902.0,-12701.0,0.7641927963128015,0.4436153084085652
2.0,166500.0,1575000.0,-11695.0,0.5891760437442923,0.7180328113294772
1.0,103500.0,270000.0,-12196.0,0.6652552930504879,0.6738300778602003
0.0,121500.0,755190.0,-16674.0,0.0892139971407744,0.7623356180684377
0.0,171000.0,647046.0,-17901.0,0.5086660451303804,0.7981372313187245
0.0,247500.0,1293502.5,-19565.0,0.6659367067509452,0.4848514754962666
0.0,202500.0,350860.5,-19133.0,0.5437614628363868,0.2793353208976285
0.0,157500.0,182016.0,-15501.0,0.5421280679043678,0.3572932680336494
1.0,180000.0,540000.0,-16752.0,0.6157684615639765,0.5352762504724826
0.0,193500.0,675000.0,-15650.0,0.3454858866640793,0.1604889306273446
0.0,81000.0,450000.0,-21100.0,0.3802694000825025,0.3706496323299817
0.0,90000.0,1303812.0,-17425.0,0.2789448429340865,0.5744466170995097
2.0,58500.0,157500.0,-11695.0,0.0578698941212228,0.7076993447402619
0.0,135000.0,835380.0,-12215.0,0.4601726341692639,0.5316861425197883
1.0,180000.0,284400.0,-13261.0,0.2055186782891003,0.5549467685334323
0.0,112500.0,1288350.0,-16582.0,0.6127373298269083,0.746300213050371
1.0,175500.0,1506816.0,-19994.0,0.69167229787613,0.7076993447402619
0.0,112500.0,1024290.0,-22611.0,0.3405137208802896,0.5064842396679806
1.0,256500.0,521280.0,-15961.0,0.6887921778530354,0.7121551551910698
0.0,144000.0,1339884.0,-21781.0,0.0202724561451772,0.5352762504724826
2.0,112500.0,590337.0,-14946.0,0.5035389058874891,0.6626377922738201
0.0,211500.0,180000.0,-12179.0,0.0864202370631646,0.656158373001177
0.0,67500.0,254700.0,-20921.0,0.700475486677952,0.7366226976503176
2.0,112500.0,700830.0,-14659.0,0.6693817500384173,0.1766525794312139
0.0,360000.0,651600.0,-18977.0,0.6742800580283588,0.6706517530862718
0.0,247500.0,629325.0,-18876.0,0.7299718143046517,0.7490217048463391
0.0,247500.0,886401.0,-16690.0,0.7131801654329751,0.5919766183185521
1.0,135000.0,180000.0,-10915.0,0.4535852843828754,0.3031463744186309
0.0,225000.0,540000.0,-16981.0,0.6296899275670799,0.5352762504724826
0.0,216000.0,302341.5,-10677.0,0.5898956998866841,0.3842068130556564
1.0,202500.0,910890.0,-12732.0,0.6395618630409634,0.2525986978339766
0.0,135000.0,163512.0,-22976.0,0.2781362708871374,0.1261005588362325
0.0,112500.0,450000.0,-10568.0,0.5324459856321266,0.4543210601605785
1.0,76500.0,1170000.0,-14118.0,0.7670064835120893,0.3589512285783967
1.0,225000.0,1022022.0,-16813.0,0.5931187960283582,0.4776491548517548
0.0,202500.0,418743.0,-9801.0,0.3718497251717955,0.4507472818545589
2.0,216000.0,238896.0,-13036.0,0.6400003108379252,0.7713615919194317
2.0,202500.0,495000.0,-9981.0,0.6590131687440209,0.4992720153045617
0.0,103500.0,508495.5,-17937.0,0.6890218179252049,0.5495965024956946
1.0,270000.0,1089000.0,-14150.0,0.7241440274684633,0.1538025863067176
1.0,71100.0,593010.0,-9674.0,0.7027416209422485,0.2567055724393002
0.0,90000.0,862560.0,-19176.0,0.5612499624255123,0.6986675550534175
0.0,135000.0,819391.5,-15712.0,0.6679719375853904,0.5352762504724826
0.0,126000.0,254700.0,-8409.0,0.1632527418946029,0.5352762504724826
2.0,72000.0,90000.0,-10208.0,0.2001830427520637,0.4848514754962666
0.0,45000.0,314100.0,-21571.0,0.5203602717604611,0.5082869913916046
0.0,121500.0,922500.0,-15811.0,0.7724097019822345,0.6894791426446275
0.0,180000.0,574668.0,-16937.0,0.406378319343206,0.4866531565147181
0.0,108000.0,495000.0,-11110.0,0.3111688661562623,0.5370699579791587
0.0,180000.0,379008.0,-9960.0,0.5666757315023211,0.6479768603302221
0.0,67500.0,284400.0,-20940.0,0.3064128600517539,0.6545292802242897
2.0,157500.0,337500.0,-12368.0,0.6676177991903954,0.1245194708919845
0.0,157500.0,755190.0,-19219.0,0.7585353163574082,0.4956658291397297
0.0,67500.0,251280.0,-10966.0,0.2299812758211297,0.4938628816996244
0.0,189000.0,1350000.0,-13198.0,0.4034539277219369,0.5352762504724826
2.0,67500.0,71955.0,-15435.0,0.3119474673789223,0.7503751495159068
0.0,117000.0,263686.5,-21461.0,0.7189421139710197,0.3689687382528466
3.0,175500.0,1035832.5,-13806.0,0.6415053762045285,0.5316861425197883
0.0,315000.0,545040.0,-17329.0,0.6412991600668094,0.3672910183026313
0.0,112500.0,495000.0,-10582.0,0.4983126192016878,0.2539628093363117
0.0,225000.0,790830.0,-15657.0,0.2191269386203009,0.7662336700704004
1.0,148500.0,135000.0,-13581.0,0.5527949715739855,0.7032033049040319
1.0,112500.0,408780.0,-11166.0,0.6181094976687693,0.5190973382084597
0.0,83250.0,728460.0,-22419.0,0.6988350014682257,0.6785676886853644
0.0,76500.0,180000.0,-9872.0,0.1157613201058414,0.4992720153045617
1.0,135000.0,157500.0,-15657.0,0.4848468238816705,0.5919766183185521
0.0,90000.0,284400.0,-21471.0,0.4905944658551936,0.6528965519806539
0.0,47700.0,314100.0,-23163.0,0.5614061172395574,0.3672910183026313
0.0,90000.0,1339884.0,-17637.0,0.706496424168489,0.4206109640437848
0.0,708610.5,2700000.0,-15578.0,0.7373381784333197,0.5352762504724826
2.0,103500.0,1288350.0,-17873.0,0.6905238909988366,0.3606125659189888
0.0,225000.0,315000.0,-16343.0,0.5306545404141563,0.7922644738669378
0.0,225000.0,473161.5,-13386.0,0.4991271811258413,0.3539876078507373
0.0,405000.0,1480500.0,-13002.0,0.675987493954844,0.0944516919837718
2.0,90000.0,868500.0,-12782.0,0.6401464082453323,0.5028782772082183
0.0,121500.0,225000.0,-24166.0,0.6153544723145433,0.5352762504724826
2.0,58500.0,629325.0,-17351.0,0.5388096891448105,0.5884877883422673
0.0,90000.0,148365.0,-21605.0,0.5400972755227712,0.6006575372857061
1.0,157500.0,679500.0,-11816.0,0.7710575788996519,0.5989262182569273
0.0,202500.0,331920.0,-22237.0,0.7042013190998322,0.2340151665320674
1.0,94500.0,679500.0,-11882.0,0.3347383231302255,0.5832379256761245
0.0,135000.0,450000.0,-10177.0,0.5480817975177626,0.3539876078507373
0.0,157500.0,1227901.5,-12409.0,0.6917235942138256,0.4794489811780563
0.0,180000.0,495351.0,-11443.0,0.5921210076399147,0.5352762504724826
0.0,117000.0,601470.0,-18400.0,0.6162753698602688,0.5989262182569273
0.0,157500.0,450000.0,-10292.0,0.1309098585111679,0.5352762504724826
0.0,225000.0,545040.0,-15546.0,0.0753596647988603,0.1798217650897043
0.0,427500.0,900000.0,-11697.0,0.5782410175315442,0.5867400085415683
1.0,135000.0,733500.0,-16946.0,0.4029119501427337,0.8128226070575616
0.0,258880.5,315000.0,-10272.0,0.5319777839794592,0.6801388218428291
0.0,112500.0,545040.0,-20969.0,0.6247662347566153,0.3927738606031339
0.0,270000.0,358344.0,-12972.0,0.6518325573408559,0.6144143775673561
0.0,67500.0,50940.0,-24547.0,0.6225130235786245,0.1852020815902493
0.0,135000.0,254700.0,-15310.0,0.4653155575512897,0.4632753280912678
2.0,90000.0,677664.0,-11864.0,0.0174093744515914,0.5620604831738043
2.0,112500.0,614475.0,-12793.0,0.5761330592782226,0.1245194708919845
0.0,108000.0,384048.0,-15940.0,0.5414060445660868,0.5902333386185574
0.0,103500.0,760225.5,-19422.0,0.6891108370159869,0.7281412993111438
0.0,162000.0,808650.0,-23158.0,0.7710845994302343,0.646329897706246
1.0,112500.0,1078200.0,-10526.0,0.4846501987594462,0.470456116119975
0.0,202500.0,1006920.0,-18595.0,0.7299675038989837,0.7106743858828587
2.0,261000.0,1824480.0,-13091.0,0.7890616890945145,0.4365064990977374
2.0,90000.0,819792.0,-11744.0,0.5213753427902923,0.5370699579791587
0.0,112500.0,540000.0,-21229.0,0.7220993893624351,0.7557400501752248
0.0,247500.0,726381.0,-14241.0,0.6770164093729998,0.6722428897082422
2.0,135000.0,573408.0,-11747.0,0.7352364211806495,0.4241303111942548
0.0,247500.0,1381500.0,-23775.0,0.6902107048259042,0.520897599048938
1.0,180000.0,533668.5,-13427.0,0.1446609411802706,0.5352762504724826
0.0,112500.0,585000.0,-19893.0,0.6403881675744952,0.6910212267577837
0.0,135000.0,278460.0,-24388.0,0.2052153472109133,0.7016957740576931
0.0,135000.0,175896.0,-16427.0,0.2796314992117437,0.6512602186973006
0.0,90000.0,299772.0,-22337.0,0.7777579501860357,0.4101025731788671
0.0,90000.0,1224990.0,-19998.0,0.5612876560786817,0.5370699579791587
0.0,202500.0,1575000.0,-18764.0,0.6579706405177614,0.6144143775673561
0.0,225000.0,728460.0,-21059.0,0.6646706750314849,0.6738300778602003
1.0,112500.0,229230.0,-8943.0,0.3689887967620596,0.5352762504724826
0.0,360000.0,1735299.0,-15354.0,0.6856853290261631,0.7352209993926424
0.0,67500.0,284400.0,-15831.0,0.0419046842872201,0.3962195720630885
0.0,315000.0,225000.0,-18498.0,0.5458059453504585,0.7623356180684377
0.0,157500.0,504000.0,-14601.0,0.7355980932540135,0.3123653692278984
2.0,225000.0,679500.0,-11390.0,0.5536003179643616,0.3927738606031339
0.0,90000.0,187704.0,-9778.0,0.2826100598849772,0.5352762504724826
1.0,229500.0,377370.0,-15211.0,0.5186681172038036,0.4938628816996244
0.0,306000.0,1113840.0,-20220.0,0.6367594126163129,0.5262949398096192
0.0,270000.0,971280.0,-15400.0,0.572957917372186,0.5424451438613613
0.0,225000.0,619965.0,-14024.0,0.5884454141547826,0.3376727217405312
0.0,180000.0,1006920.0,-16455.0,0.2339785377146986,0.5352762504724826
0.0,202500.0,479700.0,-8348.0,0.5214299115768063,0.3572932680336494
0.0,202500.0,664569.0,-22928.0,0.6336634226510744,0.6801388218428291
0.0,157500.0,351486.0,-9675.0,0.6098587469004509,0.3556387169923543
1.0,90000.0,314100.0,-12389.0,0.4954262195033154,0.4365064990977374
3.0,202500.0,467257.5,-13407.0,0.5625096216720853,0.5352762504724826
1.0,495000.0,791595.0,-12041.0,0.7105697705241085,0.6075573001388961
0.0,202500.0,584766.0,-21997.0,0.5185534714527734,0.5352762504724826
0.0,108000.0,198666.0,-19309.0,0.2862194238721069,0.4382813743111921
0.0,112500.0,254700.0,-21028.0,0.3094512909513282,0.5352762504724826
0.0,76500.0,1077061.5,-19509.0,0.5547727007960424,0.7623356180684377
0.0,87750.0,188685.0,-12852.0,0.7666897937730491,0.5762088360175724
0.0,157500.0,1305000.0,-18057.0,0.4494586947215733,0.5352762504724826
1.0,67500.0,135000.0,-14575.0,0.2887412320128416,0.5352762504724826
0.0,112500.0,679500.0,-11197.0,0.6426863355048417,0.4329616670974407
2.0,157500.0,1125000.0,-13129.0,0.5815811916567108,0.3360615207658242
0.0,90000.0,263686.5,-21629.0,0.5121032255769912,0.8193176922872417
0.0,65250.0,95940.0,-22646.0,0.5719463697572809,0.7136313997323308
0.0,90000.0,640080.0,-9196.0,0.4637870827085159,0.5352762504724826
0.0,108000.0,509602.5,-12931.0,0.2363778398884225,0.0621030378372968
0.0,67500.0,753840.0,-22395.0,0.1548483364575313,0.2525986978339766
0.0,112500.0,180000.0,-8399.0,0.5317109926842342,0.5352762504724826
1.0,90000.0,654498.0,-14150.0,0.2776360312384908,0.5352762504724826
0.0,247500.0,225000.0,-8488.0,0.5867231926612587,0.4223696523543468
0.0,202500.0,728460.0,-15503.0,0.0948890421992563,0.6178261467332483
0.0,189000.0,284400.0,-14295.0,0.3369576497637926,0.3706496323299817
0.0,67500.0,675000.0,-18782.0,0.5624665696090171,0.3556387169923543
2.0,180000.0,450000.0,-12258.0,0.7099757669369209,0.5495965024956946
0.0,126000.0,794173.5,-23618.0,0.4393946491964318,0.4241303111942548
0.0,225000.0,1890000.0,-13279.0,0.7243580206131195,0.5136937663039473
1.0,180000.0,746280.0,-13367.0,0.5554747589393301,0.5352762504724826
0.0,157500.0,668304.0,-22141.0,0.5824642742824058,0.5549467685334323
1.0,85500.0,312678.0,-12517.0,0.5954913785407772,0.722392890081304
0.0,90000.0,112500.0,-21884.0,0.5885936894845518,0.6610235391308081
1.0,270000.0,845023.5,-16572.0,0.621073118836006,0.5406544504453575
0.0,220500.0,1113840.0,-17988.0,0.5082288183468503,0.6594055320683344
0.0,135000.0,135000.0,-23230.0,0.6330286647144852,0.8193176922872417
0.0,78750.0,203760.0,-11096.0,0.5068569406977503,0.5352762504724826
1.0,225000.0,1575000.0,-11220.0,0.6115172188588556,0.191821602413606
0.0,54000.0,299772.0,-22151.0,0.2548263903763705,0.5352762504724826
0.0,135000.0,1534500.0,-10906.0,0.5499226868226267,0.6706517530862718
0.0,135000.0,540000.0,-23370.0,0.5451119671152134,0.6674577419214722
0.0,67500.0,119925.0,-22161.0,0.5172376381290461,0.4848514754962666
0.0,292500.0,513000.0,-16686.0,0.7205873265332389,0.622922000268356
2.0,112500.0,253737.0,-10238.0,0.6474276917873898,0.5478104658520093
0.0,189000.0,765261.0,-23665.0,0.4452958376096058,0.6195277080511546
2.0,90000.0,135000.0,-9616.0,0.105746327021424,0.3046721837533529
0.0,69750.0,501435.0,-21372.0,0.6281537944313881,0.3077366963789207
0.0,103500.0,480060.0,-18074.0,0.6799548725213552,0.5262949398096192
1.0,135000.0,231813.0,-10641.0,0.6785971129292061,0.164414178829907
0.0,135000.0,254700.0,-19833.0,0.077616280373025,0.7091891096653581
2.0,270000.0,630000.0,-15483.0,0.7475732396884309,0.5352762504724826
0.0,67500.0,135000.0,-8170.0,0.1704965720750741,0.5352762504724826
1.0,405000.0,900000.0,-13009.0,0.6061740572919522,0.5352762504724826
0.0,90000.0,814041.0,-10057.0,0.3585684988353451,0.5028782772082183
0.0,157500.0,254700.0,-19443.0,0.6305614490245239,0.6658549219640212
0.0,135000.0,299772.0,-21437.0,0.4792941976988406,0.4543210601605785
2.0,103500.0,284400.0,-10731.0,0.5659614260608526,0.5352762504724826
1.0,112500.0,808650.0,-10879.0,0.5940156220372277,0.445396241560834
0.0,202500.0,1085994.0,-11829.0,0.175100552579397,0.2314393514998941
0.0,360000.0,1125000.0,-16101.0,0.7316967886486759,0.6594055320683344
0.0,180000.0,270000.0,-18011.0,0.4790977301806677,0.6769925032909132
0.0,81000.0,1125000.0,-21446.0,0.6506306017526923,0.4471785780453068
1.0,135000.0,966555.0,-12678.0,0.4228776598970305,0.7981372313187245
2.0,112500.0,675000.0,-16897.0,0.4772316197859053,0.5902333386185574
0.0,202500.0,112500.0,-23438.0,0.5505991435380012,0.746300213050371
1.0,67500.0,94500.0,-14003.0,0.4568011077831769,0.7490217048463391
2.0,202500.0,1006920.0,-11056.0,0.5678835108227882,0.5352762504724826
2.0,76500.0,225000.0,-14354.0,0.1105288279592761,0.5100895276257282
0.0,157500.0,900000.0,-19051.0,0.6720428572637972,0.5352762504724826
0.0,135000.0,900000.0,-19436.0,0.6095673410238347,0.7490217048463391
1.0,67500.0,117162.0,-15150.0,0.3320411042893648,0.6430255641096323
2.0,157500.0,679500.0,-11375.0,0.1099090487904474,0.3572932680336494
0.0,112500.0,675000.0,-19538.0,0.1631870354642708,0.6075573001388961
0.0,81000.0,135000.0,-11036.0,0.5247903122271783,0.4118485559242397
0.0,88650.0,269550.0,-24127.0,0.6948158721245471,0.622922000268356
1.0,135000.0,787131.0,-15432.0,0.6693091533439343,0.5352762504724826
1.0,238500.0,450000.0,-9395.0,0.6800690715206246,0.3706496323299817
1.0,90000.0,799956.0,-16054.0,0.6600296270954392,0.6296742509538716
2.0,112500.0,450000.0,-13309.0,0.6692268673420038,0.7151031019926098
0.0,112500.0,166810.5,-13180.0,0.3952294743204838,0.633031641417419
0.0,126000.0,513531.0,-19361.0,0.2944053281118781,0.3441550073724169
0.0,67500.0,325908.0,-16475.0,0.1683854700682003,0.5744466170995097
1.0,67500.0,270000.0,-11674.0,0.700672734695591,0.5352762504724826
0.0,112500.0,450000.0,-19988.0,0.0125566187092152,0.1714683668967994
0.0,112500.0,454500.0,-12840.0,0.6474726149319167,0.5620604831738043
0.0,90000.0,450000.0,-8544.0,0.516292928805411,0.3807996826489149
0.0,112500.0,463500.0,-19034.0,0.5755455359308875,0.5352762504724826
2.0,180000.0,327024.0,-12278.0,0.7160032659501361,0.3842068130556564
1.0,180000.0,561384.0,-17501.0,0.4830227678231217,0.7981372313187245
0.0,166500.0,814041.0,-10633.0,0.4166462040632972,0.5602843280409464
2.0,157500.0,945000.0,-12108.0,0.4483064172834266,0.3217352821966848
0.0,67500.0,215640.0,-24297.0,0.6244842354475232,0.5352762504724826
2.0,216000.0,755190.0,-16649.0,0.7928364753836001,0.4740512892789932
0.0,81000.0,225000.0,-12930.0,0.4849342143343003,0.41534714488434
0.0,292500.0,497520.0,-17104.0,0.715295724156683,0.7813782380840683
1.0,135000.0,760225.5,-13191.0,0.6861517206692015,0.1777040724853336
0.0,135000.0,728460.0,-23680.0,0.1292273322270869,0.7713615919194317
0.0,112500.0,1051245.0,-14420.0,0.6197289975601211,0.5352762504724826
0.0,135000.0,924858.0,-20624.0,0.7215153808083297,0.6023863442690867
0.0,180000.0,1227901.5,-19547.0,0.7673931421355019,0.6363761710860439
0.0,225000.0,450000.0,-16542.0,0.6231089244174544,0.2608559142068693
0.0,121500.0,450000.0,-10036.0,0.225756831721363,0.2735646775174348
0.0,90000.0,163008.0,-15324.0,0.1528754537265925,0.1862929496555374
0.0,256500.0,278460.0,-12348.0,0.1458065231266143,0.4974688893052743
0.0,90000.0,1125000.0,-21139.0,0.7264227592152822,0.722392890081304
0.0,54000.0,80865.0,-16812.0,0.4926767671632476,0.2091546988410069
0.0,112500.0,1065433.5,-17901.0,0.6902668107132603,0.7421816117614419
1.0,112500.0,270000.0,-11389.0,0.3800993520974152,0.2115507642052577
0.0,64350.0,57564.0,-24650.0,0.6333994195647324,0.8171723992791566
0.0,157500.0,532494.0,-18444.0,0.4482793751339927,0.7700870700124128
2.0,202500.0,1288350.0,-14447.0,0.5684736880323402,0.6674577419214722
0.0,315000.0,408780.0,-14691.0,0.4849342143343003,0.6296742509538716
0.0,139500.0,961146.0,-19972.0,0.7286637796031852,0.7352209993926424
0.0,180000.0,781920.0,-19605.0,0.0977380860510366,0.7091891096653581
1.0,135000.0,247500.0,-10903.0,0.5150859350860529,0.7338145369642702
0.0,90000.0,1006920.0,-14359.0,0.7078006438901627,0.6246146584503397
0.0,54000.0,254700.0,-15862.0,0.6835038851999318,0.5673792367572691
0.0,135000.0,630000.0,-18591.0,0.5095404582583649,0.4258928980051529
0.0,157500.0,436032.0,-21805.0,0.5545890494050518,0.7076993447402619
0.0,135000.0,545040.0,-16030.0,0.6254119502859781,0.5352762504724826
0.0,202500.0,532345.5,-19111.0,0.3679812406311805,0.5388627065779676
3.0,360000.0,1067940.0,-12100.0,0.6266918093138552,0.6127042441012546
1.0,112500.0,1288350.0,-11694.0,0.1901986685014857,0.7324033228040929
0.0,117000.0,450000.0,-19777.0,0.7333848383572369,0.5352762504724826
0.0,292500.0,752742.0,-21978.0,0.7053615345811417,0.7490217048463391
0.0,112500.0,900000.0,-23382.0,0.4277843018133049,0.5352762504724826
0.0,270000.0,906228.0,-13031.0,0.6174743892289859,0.4294236843421945
0.0,67500.0,312768.0,-21516.0,0.2776667317418485,0.6956219298394389
0.0,180000.0,360000.0,-17253.0,0.6850109901296888,0.6347055309763198
0.0,90000.0,1125000.0,-17571.0,0.5984954965225675,0.3589512285783967
0.0,90000.0,455040.0,-8885.0,0.2423015225072896,0.3876253444214701
3.0,180000.0,973710.0,-16367.0,0.5045338157158507,0.5673792367572691
0.0,180000.0,675000.0,-13581.0,0.7083159564023962,0.5370699579791587
0.0,180000.0,990000.0,-17389.0,0.573829820811528,0.191821602413606
0.0,112500.0,450000.0,-23356.0,0.7399512752339351,0.6610235391308081
1.0,81000.0,454500.0,-9958.0,0.2944507558646295,0.6738300778602003
0.0,202500.0,1111500.0,-21227.0,0.5317382171189948,0.5352762504724826
0.0,180000.0,269550.0,-21753.0,0.6663841162557979,0.6594055320683344
0.0,112500.0,543735.0,-15594.0,0.063151380397349,0.6512602186973006
0.0,117000.0,144279.0,-23160.0,0.7009295042510659,0.5352762504724826
1.0,67500.0,339241.5,-10773.0,0.4984875580677159,0.524496446363472
2.0,180000.0,781920.0,-14050.0,0.7147342776768095,0.6956219298394389
0.0,270000.0,270000.0,-14506.0,0.6986370633004381,0.8537314319896884
0.0,58500.0,188460.0,-14005.0,0.5902024952177423,0.622922000268356
0.0,247500.0,701730.0,-10376.0,0.4602812802363465,0.5352762504724826
3.0,90000.0,742500.0,-10760.0,0.6995984401805552,0.3139166772114369
0.0,157500.0,225000.0,-10785.0,0.552930116267118,0.2567055724393002
1.0,121500.0,450000.0,-14956.0,0.5857312876053761,0.3360615207658242
0.0,112500.0,270000.0,-18357.0,0.0757583276118564,0.8128226070575616
0.0,112500.0,408780.0,-23538.0,0.4202594693565671,0.7076993447402619
0.0,180000.0,342000.0,-11668.0,0.1284566352993242,0.4507472818545589
0.0,180000.0,1057266.0,-19213.0,0.582703573315077,0.6363761710860439
0.0,112500.0,383746.5,-20558.0,0.7243143568954238,0.4776491548517548
0.0,207000.0,211630.5,-10071.0,0.6071967855528649,0.0963186927645401
0.0,67500.0,293733.0,-23495.0,0.6513311486747944,0.5352762504724826
0.0,112500.0,835380.0,-16558.0,0.2265988359266469,0.3001077565791181
0.0,157500.0,1269000.0,-13419.0,0.7231600866535602,0.5884877883422673
0.0,58500.0,945000.0,-22327.0,0.7230112140153458,0.4543210601605785
0.0,180000.0,1350000.0,-23170.0,0.0261771146723509,0.7062051096536562
1.0,225000.0,229500.0,-15026.0,0.1584186326326113,0.4794489811780563
0.0,81000.0,630000.0,-19561.0,0.5165769002267592,0.7194907850918436
0.0,202500.0,900000.0,-18017.0,0.3938765245054669,0.1359510441732951
0.0,315000.0,1096020.0,-20508.0,0.570355582274785,0.5388627065779676
0.0,67500.0,180000.0,-20918.0,0.368830972368258,0.1704461230452281
0.0,67500.0,202500.0,-10053.0,0.1651343366669437,0.4382813743111921
0.0,180000.0,691020.0,-9463.0,0.1631870354642708,0.5352762504724826
0.0,180000.0,360000.0,-11603.0,0.4554177922703492,0.0749592808990468
0.0,225000.0,277969.5,-17135.0,0.7607910514878795,0.7862666146611379
0.0,112500.0,337500.0,-19910.0,0.5038395687665471,0.5352762504724826
0.0,67500.0,101880.0,-21590.0,0.7760789840695606,0.5352762504724826
0.0,405000.0,3150000.0,-13273.0,0.7327301301036174,0.3622772470384314
1.0,180000.0,242595.0,-11690.0,0.2652563401861944,0.6986675550534175
0.0,135000.0,450000.0,-8080.0,0.646613633195247,0.213966852261798
1.0,315000.0,1808460.0,-20420.0,0.5785289745004805,0.7136313997323308
0.0,72000.0,152820.0,-23104.0,0.2546229746147212,0.5352762504724826
0.0,180000.0,728460.0,-20526.0,0.5526003495153319,0.6594055320683344
1.0,180000.0,500427.0,-11112.0,0.4719642786037315,0.3031463744186309
0.0,360000.0,1762110.0,-15182.0,0.7422965463134952,0.3409064264152384
1.0,256500.0,497520.0,-14312.0,0.7248424000794655,0.7636399214572418
0.0,225000.0,534204.0,-24713.0,0.6077338636768926,0.6594055320683344
0.0,81000.0,298512.0,-19225.0,0.2080185272376116,0.3791004853998145
0.0,202500.0,534204.0,-16383.0,0.54018418209594,0.5352762504724826
0.0,72000.0,360000.0,-23585.0,0.5793765369992282,0.5352762504724826
0.0,270000.0,765000.0,-19443.0,0.6545471888011264,0.5352762504724826
0.0,112500.0,781920.0,-17114.0,0.1942664499695638,0.6626377922738201
0.0,72000.0,142200.0,-23640.0,0.5922477532172029,0.7435593141311444
0.0,135000.0,646920.0,-22535.0,0.5597847515476756,0.2418614865234661
0.0,270000.0,2250000.0,-20764.0,0.1716252609605423,0.5352762504724826
0.0,90000.0,814041.0,-22150.0,0.3558822018600519,0.3723336657058204
2.0,157500.0,942300.0,-17752.0,0.7165498811749781,0.5352762504724826
0.0,157500.0,180000.0,-12552.0,0.582570634209491,0.5352762504724826
0.0,162000.0,343800.0,-19486.0,0.2653117484731741,0.6058362647264226
0.0,202500.0,755190.0,-21554.0,0.5911488855288407,0.1566398270314114
0.0,103500.0,808650.0,-21590.0,0.5983903969919927,0.3139166772114369
0.0,90000.0,627277.5,-17937.0,0.64648370453538,0.5352762504724826
0.0,157500.0,587619.0,-19947.0,0.6969585355315039,0.8256357449717892
0.0,49500.0,54000.0,-22269.0,0.6096558117979883,0.5352762504724826
0.0,67500.0,333337.5,-15503.0,0.6382754180124531,0.5352762504724826
0.0,180000.0,900243.0,-8591.0,0.4692021636676653,0.5531646987710016
0.0,94500.0,433458.0,-13596.0,0.696376277099052,0.6512602186973006
0.0,299700.0,1204623.0,-22970.0,0.7522199112203871,0.5849900404894085
0.0,81000.0,170640.0,-23025.0,0.1596792335026377,0.5280927512030451
2.0,90000.0,270000.0,-11982.0,0.5714644684197617,0.2925880073368475
2.0,85500.0,270000.0,-13191.0,0.3570208986770086,0.5352762504724826
1.0,112500.0,426645.0,-9606.0,0.6368352777604946,0.1694287272664794
0.0,135000.0,698517.0,-23623.0,0.2825612942768681,0.524496446363472
0.0,157500.0,640080.0,-8757.0,0.5830385265061757,0.3740208032583212
1.0,157500.0,373500.0,-17411.0,0.6897148596840477,0.1895952597360396
0.0,157500.0,364896.0,-21373.0,0.1621921059592286,0.7544061731797895
1.0,270000.0,715500.0,-14673.0,0.1427531014481058,0.2445163919946749
0.0,247500.0,1971072.0,-10059.0,0.6709913147434311,0.3425288720742255
0.0,225000.0,900000.0,-14212.0,0.3730712988655967,0.6279908192952864
0.0,90000.0,227520.0,-10186.0,0.4444209722170531,0.5352762504724826
0.0,180000.0,288873.0,-19103.0,0.7011678200111248,0.807273923277881
1.0,171000.0,450000.0,-16652.0,0.2571253090842532,0.8599241760145402
0.0,157500.0,679500.0,-14015.0,0.5628701456753591,0.3392876999089139
1.0,157500.0,497520.0,-9680.0,0.2297606160357313,0.5352762504724826
1.0,67500.0,296505.0,-16271.0,0.3994080406689359,0.5028782772082183
0.0,157500.0,536917.5,-10704.0,0.5641610273170848,0.6296742509538716
2.0,450000.0,1042560.0,-14927.0,0.6559797117067983,0.5064842396679806
0.0,256500.0,539100.0,-17845.0,0.6601866296081499,0.4884551844437485
2.0,180000.0,824823.0,-11662.0,0.5518433332600051,0.6785676886853644
1.0,450000.0,1971072.0,-13596.0,0.5554855581115821,0.4014074137749511
0.0,94500.0,314055.0,-15165.0,0.7458817357105318,0.6879328378491735
1.0,144000.0,900000.0,-14884.0,0.6971801821912624,0.5762088360175724
2.0,76500.0,142632.0,-12165.0,0.5405589386336959,0.4561097392782771
0.0,117000.0,284400.0,-13840.0,0.4862014767323722,0.7380196196295241
0.0,58500.0,454500.0,-21645.0,0.6379623346696226,0.5352762504724826
0.0,112500.0,270000.0,-18309.0,0.7024766061123361,0.5352762504724826
0.0,90000.0,450000.0,-18389.0,0.3740538221675581,0.3606125659189888
0.0,225000.0,1035832.5,-20255.0,0.6580444546342165,0.7016957740576931
0.0,450000.0,997389.0,-19677.0,0.7655378128457244,0.5352762504724826
1.0,135000.0,208512.0,-13125.0,0.6146658455744086,0.6848276586890367
1.0,427500.0,682875.0,-10860.0,0.3844420779834972,0.6075573001388961
0.0,67500.0,157050.0,-15612.0,0.4109599352181685,0.4992720153045617
0.0,135000.0,495216.0,-11633.0,0.3075945638155924,0.5352762504724826
1.0,225000.0,754740.0,-12506.0,0.5654832789267705,0.5744466170995097
0.0,180000.0,900000.0,-18075.0,0.5934617737342018,0.1777040724853336
1.0,117000.0,463284.0,-13951.0,0.7861940125702578,0.5442347412142162
0.0,135000.0,765000.0,-19259.0,0.6257448832046623,0.6263042766749393
3.0,67500.0,1078200.0,-14261.0,0.2802045020720828,0.7544061731797895
0.0,270000.0,533668.5,-23569.0,0.4760151674992452,0.1309471529360181
0.0,202500.0,337500.0,-20303.0,0.7451141798816199,0.5352762504724826
0.0,180000.0,922266.0,-19496.0,0.6139145636731258,0.5352762504724826
0.0,157500.0,755190.0,-19853.0,0.6725439038369067,0.5352762504724826
0.0,270000.0,1125000.0,-14451.0,0.6848127841403621,0.2567055724393002
0.0,135000.0,270000.0,-22307.0,0.7461924725118102,0.6971469077844458
2.0,99000.0,1078200.0,-12073.0,0.6461787869792647,0.5673792367572691
1.0,121500.0,247500.0,-10946.0,0.5228103282268427,0.4722533429586386
1.0,180000.0,237582.0,-9299.0,0.463531495951355,0.2044226253763287
0.0,90000.0,364896.0,-9929.0,0.2764578394139427,0.5352762504724826
3.0,157500.0,78192.0,-11113.0,0.50751829827194,0.6380435278721609
0.0,54000.0,450000.0,-19645.0,0.0575701801760681,0.6296742509538716
0.0,211500.0,755190.0,-19478.0,0.6057720159543489,0.5352762504724826
0.0,189000.0,332842.5,-13739.0,0.7626366730570259,0.5352762504724826
0.0,225000.0,417024.0,-17430.0,0.7213351962093278,0.0729831556556651
0.0,162000.0,346392.0,-11917.0,0.5737389074369389,0.213966852261798
0.0,135000.0,472500.0,-12922.0,0.6694011077947213,0.0715326762805274
2.0,90000.0,450000.0,-10956.0,0.7325416590199249,0.5352762504724826
1.0,155250.0,1129500.0,-14709.0,0.7648384399503342,0.5352762504724826
2.0,90000.0,355500.0,-15637.0,0.5908528803677146,0.7091891096653581
0.0,292500.0,526500.0,-15258.0,0.0887619377448496,0.6940926425266661
0.0,157500.0,239850.0,-16256.0,0.2337199577443111,0.5352762504724826
0.0,135000.0,269550.0,-13859.0,0.4531734125358362,0.5567274263630174
1.0,202500.0,1288350.0,-16089.0,0.6118392569182132,0.5919766183185521
0.0,157500.0,269550.0,-12387.0,0.3220742560309172,0.5352762504724826
0.0,54000.0,315000.0,-22539.0,0.6563842573402365,0.5316861425197883
0.0,270000.0,900000.0,-17626.0,0.5545782459173029,0.6212263380626669
0.0,171000.0,254700.0,-9981.0,0.6427817418614312,0.633031641417419
0.0,171000.0,986553.0,-16243.0,0.4641786567205183,0.4992720153045617
0.0,112500.0,531373.5,-11958.0,0.6002178304487988,0.5352762504724826
3.0,112500.0,691020.0,-13418.0,0.6840051083511046,0.5370699579791587
2.0,112500.0,531706.5,-13526.0,0.1577637620197302,0.5352762504724826
1.0,157500.0,1433367.0,-8788.0,0.4769206617619479,0.5762088360175724
0.0,225000.0,675000.0,-23380.0,0.649252456485641,0.7121551551910698
0.0,360000.0,427176.0,-20202.0,0.7184646521550515,0.1664055461839363
1.0,180000.0,1000858.5,-15957.0,0.5108956813077621,0.6430255641096323
1.0,292500.0,855000.0,-10570.0,0.5520650559170411,0.5352762504724826
0.0,112500.0,770913.0,-23086.0,0.3124592963152979,0.5352762504724826
0.0,135000.0,180000.0,-22732.0,0.6502825705172081,0.4578995512067301
1.0,90000.0,439074.0,-19489.0,0.2701820468941417,0.6161216908872079
0.0,112500.0,272578.5,-21768.0,0.1357688446780615,0.7922644738669378
1.0,540000.0,225000.0,-10778.0,0.7525865503759442,0.5136937663039473
0.0,292500.0,1162170.0,-17530.0,0.6555996274034385,0.3217352821966848
0.0,135000.0,284400.0,-11524.0,0.2714818997085077,0.5352762504724826
0.0,189000.0,270000.0,-11655.0,0.6410627016757583,0.3441550073724169
0.0,225000.0,1517724.0,-18336.0,0.3643271595509015,0.6722428897082422
0.0,89100.0,560664.0,-18068.0,0.6573897028932859,0.5352762504724826
1.0,157500.0,135000.0,-11334.0,0.5292545918407857,0.7238369900414456
0.0,261000.0,675000.0,-13478.0,0.4045491242329184,0.7352209993926424
0.0,180000.0,265851.0,-10793.0,0.4897802123252981,0.5352762504724826
0.0,262800.0,675000.0,-10934.0,0.4663276484272566,0.7801436381572275
0.0,55881.0,669600.0,-22211.0,0.2001585353783682,0.6363761710860439
0.0,225000.0,497520.0,-13246.0,0.5316184281948866,0.5352762504724826
0.0,157500.0,573408.0,-15281.0,0.5870413023050131,0.746300213050371
2.0,157500.0,284400.0,-12198.0,0.1371163814689735,0.1139223962922108
0.0,81000.0,587619.0,-19803.0,0.4429744227982576,0.4170996682522097
0.0,225000.0,521280.0,-11478.0,0.2413352937583348,0.3656165070113335
0.0,292500.0,679500.0,-15955.0,0.5333985442626172,0.7688075728291359
1.0,270000.0,2142459.0,-12483.0,0.3047284559904886,0.4668640059537032
2.0,90000.0,156384.0,-14120.0,0.1066554876993128,0.5352762504724826
0.0,270000.0,472500.0,-19761.0,0.6434292011805998,0.5937175866150576
0.0,90000.0,629325.0,-18543.0,0.6696381937384738,0.7338145369642702
0.0,1575000.0,2303460.0,-20273.0,0.638759960582235,0.746300213050371
0.0,270000.0,1096020.0,-19541.0,0.5971442813126849,0.1293142889822697
0.0,382500.0,241618.5,-11057.0,0.623216763288328,0.8425892767430772
0.0,135000.0,948055.5,-10533.0,0.6158460658997459,0.7713615919194317
0.0,315000.0,405000.0,-21628.0,0.4547507904976845,0.511891801533151
2.0,112500.0,207396.0,-13909.0,0.5254555895460647,0.5352762504724826
0.0,202500.0,563269.5,-15917.0,0.7593434536963949,0.4794489811780563
1.0,112500.0,679500.0,-16434.0,0.6421538610271655,0.4507472818545589
1.0,675000.0,1546020.0,-14520.0,0.7006176962220146,0.5352762504724826
0.0,202500.0,1078200.0,-23087.0,0.3828907943872527,0.6690566947824041
1.0,135000.0,961794.0,-13572.0,0.7714819279709655,0.5352762504724826
0.0,126000.0,312768.0,-12442.0,0.1922243598134042,0.5352762504724826
3.0,225000.0,1359000.0,-13710.0,0.5573530174834337,0.6313545365850379
0.0,126000.0,545040.0,-13037.0,0.1596792335026377,0.4992720153045617
0.0,112500.0,1321902.0,-16235.0,0.3578596516621369,0.5352762504724826
2.0,270000.0,450000.0,-17122.0,0.7655849096254671,0.5352762504724826
0.0,135000.0,540000.0,-23628.0,0.5659614260608526,0.7838324335199619
0.0,58500.0,95940.0,-23848.0,0.1265131917615833,0.6430255641096323
0.0,292500.0,723996.0,-14110.0,0.6248790107959193,0.6363761710860439
0.0,90000.0,900000.0,-17383.0,0.6640514037743322,0.7517237147741489
0.0,112500.0,888840.0,-20071.0,0.5169536919008609,0.6738300778602003
1.0,135000.0,485640.0,-13204.0,0.4724438786024805,0.7136313997323308
1.0,247500.0,1223010.0,-19142.0,0.2841643525025325,0.4365064990977374
1.0,360000.0,1178217.0,-17234.0,0.5585557559249622,0.7062051096536562
1.0,157500.0,255960.0,-17201.0,0.6685536701718019,0.5352762504724826
1.0,157500.0,848745.0,-11398.0,0.2649112705413186,0.1168672659157136
0.0,180000.0,153504.0,-24597.0,0.7484923548170762,0.8193176922872417
0.0,202500.0,1260702.0,-13747.0,0.661216084063734,0.5638350489514956
0.0,207000.0,286704.0,-15999.0,0.6324086956479008,0.5814837058057234
1.0,180000.0,152820.0,-15013.0,0.5972389672483598,0.1117563710719636
0.0,121500.0,247275.0,-24440.0,0.1240901814633538,0.5352762504724826
1.0,180000.0,405000.0,-15385.0,0.7220906128602731,0.3280631605201915
0.0,76500.0,412560.0,-11949.0,0.4562422753779539,0.5919766183185521
0.0,270000.0,528633.0,-19088.0,0.5182586591513018,0.4632753280912678
2.0,261000.0,450000.0,-15043.0,0.5624181349133656,0.7151031019926098
0.0,153000.0,315000.0,-10089.0,0.5992046810801049,0.3328505641648731
2.0,112500.0,270000.0,-12097.0,0.5196780053906226,0.5100895276257282
0.0,90000.0,781920.0,-18095.0,0.4498212609518522,0.5549467685334323
0.0,67500.0,1293502.5,-17450.0,0.7949511260811367,0.6075573001388961
1.0,162000.0,932643.0,-11852.0,0.7213923356569986,0.5567274263630174
0.0,67500.0,700830.0,-23592.0,0.6575669882034132,0.6879328378491735
1.0,225000.0,101880.0,-14641.0,0.6222149341261056,0.5744466170995097
0.0,108000.0,454500.0,-20499.0,0.3724577528624198,0.4489622731076524
0.0,157500.0,1275372.0,-19503.0,0.6741695862533649,0.5352762504724826
1.0,180000.0,724500.0,-13100.0,0.3975158830818818,0.2525986978339766
0.0,135000.0,405000.0,-20649.0,0.7461551973373748,0.511891801533151
0.0,99000.0,299772.0,-18422.0,0.4490529007097814,0.5298898341969072
1.0,292500.0,2606400.0,-12465.0,0.7224897710481177,0.6706517530862718
2.0,112500.0,180000.0,-13779.0,0.7051342502611857,0.4992720153045617
0.0,202500.0,640080.0,-9699.0,0.6319052838762231,0.4668640059537032
0.0,157500.0,454500.0,-13126.0,0.7654357473055665,0.4471785780453068
0.0,225000.0,630000.0,-19584.0,0.6481810567668455,0.4794489811780563
0.0,45000.0,135000.0,-7990.0,0.3840333438516466,0.5352762504724826
0.0,360000.0,497520.0,-18636.0,0.6307499120783092,0.5352762504724826
3.0,202500.0,1206954.0,-13217.0,0.5955177157346863,0.6848276586890367
2.0,315000.0,729792.0,-11637.0,0.5622889699096258,0.5154953751603267
0.0,112500.0,270000.0,-17025.0,0.6839625682601618,0.8599241760145402
0.0,450000.0,503266.5,-12117.0,0.5283228521116068,0.7238369900414456
1.0,157500.0,405000.0,-10342.0,0.6554860570708058,0.5352762504724826
1.0,76500.0,876816.0,-15050.0,0.3208817636734431,0.8016009030071296
1.0,112500.0,808650.0,-14947.0,0.558183680880469,0.5442347412142162
1.0,157500.0,327024.0,-13386.0,0.7388937186565121,0.6512602186973006
0.0,243000.0,894906.0,-20667.0,0.0593233951318759,0.5884877883422673
0.0,56250.0,102384.0,-24457.0,0.7187741743910552,0.6674577419214722
0.0,337500.0,840951.0,-13774.0,0.5638921647482391,0.5832379256761245
0.0,112500.0,269550.0,-18444.0,0.7278328706001691,0.5280927512030451
0.0,202500.0,607500.0,-9564.0,0.3366352764840796,0.5762088360175724
0.0,112500.0,143910.0,-13673.0,0.2170796354150951,0.5352762504724826
0.0,157500.0,481176.0,-15797.0,0.6099263834881639,0.5726825047161584
0.0,270000.0,799956.0,-19270.0,0.4882392938334225,0.1951984060044098
0.0,180000.0,916470.0,-18619.0,0.5841544820852146,0.6279908192952864
0.0,202500.0,865854.0,-17339.0,0.5841332338092928,0.0005272652387098
0.0,135000.0,521280.0,-14319.0,0.6540822496123309,0.5172965813614878
0.0,90000.0,675000.0,-22121.0,0.7303638796966493,0.5352762504724826
2.0,135000.0,755190.0,-12831.0,0.3164709917976535,0.7032033049040319
1.0,180000.0,405000.0,-15108.0,0.3627738166476144,0.4276573700350293
0.0,157500.0,383202.0,-17726.0,0.4746136009549832,0.0867312636469601
0.0,112500.0,360000.0,-19147.0,0.2788568848828193,0.6817058776720116
0.0,157500.0,270000.0,-12575.0,0.6000341620581378,0.4884551844437485
0.0,112500.0,157500.0,-11432.0,0.2487256114371136,0.5082869913916046
2.0,405000.0,900000.0,-14233.0,0.7674477850281292,0.1014593569914692
1.0,112500.0,180000.0,-7923.0,0.3740538221675581,0.2764406945454034
0.0,202500.0,297130.5,-22676.0,0.0575369687316526,0.363945238612397
0.0,90000.0,675000.0,-19262.0,0.6144327474154886,0.6109913280868294
0.0,135000.0,102384.0,-10757.0,0.2556078343345943,0.3689687382528466
0.0,67500.0,481495.5,-19788.0,0.6450931175490381,0.5478104658520093
0.0,180000.0,701730.0,-15246.0,0.2956834011932655,0.3490552510751822
0.0,225000.0,683023.5,-8992.0,0.0337338078877742,0.5352762504724826
0.0,225000.0,986782.5,-16241.0,0.6753165859805791,0.5352762504724826
0.0,81000.0,571446.0,-23496.0,0.2857237887612645,0.6894791426446275
2.0,99000.0,787131.0,-14357.0,0.7234926821589504,0.6817058776720116
0.0,171000.0,225000.0,-24804.0,0.6529879886064041,0.5352762504724826
0.0,157500.0,904500.0,-22468.0,0.2653117484731741,0.434733248750173
0.0,90000.0,270000.0,-21470.0,0.7070810266459092,0.4507472818545589
4.0,90000.0,543735.0,-11547.0,0.1767936284746382,0.5352762504724826
0.0,337500.0,1800000.0,-15230.0,0.6603288827367668,0.7700870700124128
0.0,135000.0,395766.0,-19681.0,0.6016285093253819,0.6738300778602003
0.0,90000.0,269550.0,-24181.0,0.6937065139959778,0.7136313997323308
1.0,180000.0,450000.0,-15753.0,0.6580493753032463,0.813917469762627
0.0,171000.0,540000.0,-19839.0,0.1565039191062703,0.5352762504724826
0.0,112500.0,630000.0,-22211.0,0.5018770199054567,0.4101025731788671
0.0,177750.0,314055.0,-22277.0,0.3300314284254234,0.2925880073368475
0.0,405000.0,1227901.5,-15547.0,0.7836282297757655,0.7490217048463391
0.0,157500.0,808650.0,-18646.0,0.7869062494834169,0.8435435389318647
0.0,94500.0,942300.0,-20136.0,0.7020651066969501,0.5064842396679806
1.0,315000.0,450000.0,-18028.0,0.2631435910213423,0.5100895276257282
1.0,157500.0,1042560.0,-11451.0,0.5411074124834869,0.5513812618027899
1.0,90000.0,270000.0,-15736.0,0.2939739682532651,0.5971924268337128
0.0,225000.0,450000.0,-16355.0,0.6085624334060413,0.5352762504724826
1.0,67500.0,584460.0,-14329.0,0.5600595587386031,0.6971469077844458
1.0,135000.0,573408.0,-14957.0,0.5899591805306108,0.7476633896301825
2.0,90000.0,568057.5,-15450.0,0.7274038112253872,0.3807996826489149
0.0,157500.0,545040.0,-17177.0,0.4365686941910953,0.1500851762342935
1.0,135000.0,670500.0,-14504.0,0.5229849019979623,0.6195277080511546
0.0,157500.0,497520.0,-21094.0,0.6989362435455766,0.6738300778602003
0.0,202500.0,900000.0,-13393.0,0.4200463702564951,0.5136937663039473
0.0,74313.0,450000.0,-19915.0,0.4669426567596898,0.5352762504724826
0.0,112500.0,755190.0,-16641.0,0.4266552278783533,0.7623356180684377
0.0,157500.0,545040.0,-22960.0,0.2061943346046492,0.5352762504724826
0.0,99000.0,450000.0,-16396.0,0.2435119966953515,0.5352762504724826
0.0,90000.0,269550.0,-22765.0,0.6726450290310918,0.7544061731797895
0.0,85500.0,378801.0,-17416.0,0.6582166578070671,0.5352762504724826
1.0,247500.0,2463840.0,-14521.0,0.6718934309216112,0.524496446363472
0.0,81000.0,182016.0,-23997.0,0.5560848297129575,0.7776594425716818
1.0,112500.0,128092.5,-17092.0,0.7143953059464201,0.5884877883422673
0.0,135000.0,787131.0,-13866.0,0.6270958771207322,0.6626377922738201
0.0,270000.0,1350000.0,-23680.0,0.7004617224121608,0.5709165417729987
0.0,157500.0,675000.0,-12056.0,0.546033618317752,0.4650692149562261
0.0,90000.0,760225.5,-17396.0,0.0547257038374918,0.7136313997323308
0.0,202500.0,450000.0,-14073.0,0.644256583221553,0.4276573700350293
1.0,180000.0,691020.0,-10350.0,0.4168641338097844,0.4543210601605785
1.0,180000.0,521280.0,-11186.0,0.2661779288881976,0.7583930617144343
0.0,121500.0,781695.0,-18865.0,0.3580355487857586,0.7557400501752248
0.0,180000.0,1256400.0,-11057.0,0.6408161082139685,0.5352762504724826
1.0,90000.0,395766.0,-14109.0,0.7411361275101312,0.7583930617144343
0.0,180000.0,272520.0,-10901.0,0.5692191792053284,0.5867400085415683
0.0,112500.0,557770.5,-16247.0,0.431707041581098,0.1198779608955348
0.0,112500.0,417024.0,-20384.0,0.7136942967485612,0.5100895276257282
0.0,112500.0,270000.0,-15475.0,0.015428801399341,0.2707073872651806
3.0,112500.0,254700.0,-13726.0,0.6028176229604061,0.6023863442690867
0.0,45000.0,135000.0,-15642.0,0.6614707616076161,0.6279908192952864
0.0,360000.0,1125000.0,-17020.0,0.2207401480367217,0.4170996682522097
2.0,90000.0,111384.0,-11806.0,0.0132040243722472,0.1735274304649146
0.0,198000.0,270000.0,-18941.0,0.6894761371807665,0.5585066276769286
3.0,193500.0,135000.0,-10608.0,0.0483327256047995,0.5971924268337128
3.0,112500.0,1288350.0,-11982.0,0.3575481564308149,0.5352762504724826
0.0,112500.0,472500.0,-16265.0,0.3822348002789639,0.5352762504724826
2.0,135000.0,254700.0,-14042.0,0.6859020829485609,0.5352762504724826
0.0,76500.0,518562.0,-23488.0,0.3247634394806923,0.7295666907060153
0.0,270000.0,1339884.0,-21217.0,0.7264531787919409,0.4048783643353997
0.0,135000.0,1339884.0,-17771.0,0.6160219472212494,0.6706517530862718
0.0,135000.0,753840.0,-16489.0,0.5643492086809535,0.746300213050371
0.0,202500.0,500211.0,-14398.0,0.4183799047838235,0.3910549766342248
0.0,135000.0,900000.0,-19966.0,0.5599571838827441,0.7700870700124128
0.0,45000.0,135000.0,-18471.0,0.5931346277697727,0.4614823912998385
0.0,112500.0,253737.0,-11004.0,0.3334248001872205,0.4135967602644276
0.0,157500.0,640080.0,-15083.0,0.6849402100050009,0.5989262182569273
0.0,112500.0,180000.0,-8018.0,0.0244444372150994,0.5262949398096192
0.0,112500.0,1267735.5,-20635.0,0.1983164617449413,0.7688075728291359
0.0,50850.0,291915.0,-23141.0,0.2143272681272361,0.5064842396679806
0.0,382500.0,180000.0,-10596.0,0.5266604913499701,0.2392262794694045
0.0,180000.0,1006920.0,-18224.0,0.7308502300143819,0.2955826421513093
2.0,135000.0,247500.0,-13082.0,0.7379856351588635,0.7886807751817684
0.0,270000.0,691020.0,-21941.0,0.7739130955983354,0.5046813193144684
0.0,157500.0,332946.0,-8862.0,0.0171756376361122,0.1351060157401717
0.0,191250.0,135000.0,-12134.0,0.6093851726235933,0.4830501881366946
0.0,180000.0,1125000.0,-17816.0,0.564053486807394,0.6674577419214722
0.0,117000.0,314055.0,-9165.0,0.1628379543431748,0.6178261467332483
0.0,225000.0,1219500.0,-15614.0,0.1596792335026377,0.7969726818373722
0.0,292500.0,585000.0,-20985.0,0.4868187861850283,0.3859146722745145
0.0,315000.0,390960.0,-17920.0,0.6592146127676519,0.1745642655572634
0.0,180000.0,225000.0,-10521.0,0.3362300834330849,0.3689687382528466
0.0,292500.0,168147.0,-18303.0,0.5342202708653584,0.4014074137749511
1.0,90000.0,180000.0,-17889.0,0.700223084296155,0.3572932680336494
0.0,135000.0,800500.5,-18175.0,0.7368508504583613,0.6263042766749393
0.0,432000.0,1467612.0,-19625.0,0.7039598439444951,0.5352762504724826
1.0,180000.0,497520.0,-15823.0,0.6838727512859896,0.6178261467332483
0.0,202500.0,904500.0,-13125.0,0.4689679858426297,0.8193176922872417
0.0,112500.0,1247121.0,-21036.0,0.6968938713196431,0.5424451438613613
0.0,112500.0,625536.0,-13484.0,0.6642806487897212,0.6528965519806539
0.0,157500.0,568908.0,-20294.0,0.6993823979223133,0.5937175866150576
3.0,270000.0,1886850.0,-12850.0,0.5496412263052889,0.6832688314232291
0.0,180000.0,675000.0,-20983.0,0.5424265974490685,0.7032033049040319
0.0,135000.0,835605.0,-14019.0,0.6887077969330843,0.1153866620073356
0.0,450000.0,302206.5,-23672.0,0.6792501690241272,0.1862929496555374
0.0,90000.0,888840.0,-22822.0,0.6777619004104548,0.3523399726917038
0.0,193500.0,825588.0,-22049.0,0.5495221372792919,0.4031416766587513
0.0,67500.0,180000.0,-23475.0,0.1375697834127901,0.7610263695502636
0.0,157500.0,500490.0,-10884.0,0.2096950930560324,0.5352762504724826
0.0,135000.0,234000.0,-10245.0,0.6814899882989714,0.5352762504724826
0.0,45000.0,675000.0,-23339.0,0.6913177576174939,0.5442347412142162
0.0,292500.0,272520.0,-18738.0,0.6366278969104185,0.3706496323299817
1.0,67500.0,270000.0,-19142.0,0.3411229075988826,0.5352762504724826
0.0,270000.0,755190.0,-14913.0,0.7197235533947369,0.5280927512030451
1.0,180000.0,675000.0,-12671.0,0.7674438822610904,0.5352762504724826
0.0,112500.0,152820.0,-10571.0,0.2365436612504672,0.2985949897873972
0.0,157500.0,202500.0,-17057.0,0.5294561697419874,0.5352762504724826
0.0,58500.0,180000.0,-19834.0,0.4500864551041335,0.5388627065779676
0.0,135000.0,781695.0,-19353.0,0.5963496869754543,0.2807895743848605
0.0,67500.0,157500.0,-20916.0,0.2962803277543227,0.5064842396679806
0.0,450000.0,260640.0,-19870.0,0.702842108170578,0.6023863442690867
0.0,157500.0,599472.0,-19930.0,0.4084425724684009,0.375711009574066
0.0,94500.0,499500.0,-21151.0,0.5942107307330929,0.7091891096653581
0.0,112500.0,219042.0,-10645.0,0.3591772935309133,0.475849908720221
0.0,157500.0,750645.0,-21775.0,0.6054429664832688,0.3979463219016906
0.0,180000.0,495000.0,-21378.0,0.1273346674904447,0.5352762504724826
0.0,202500.0,675000.0,-22617.0,0.4996793367382253,0.7121551551910698
1.0,117000.0,397881.0,-12664.0,0.6322663457821096,0.6496203111237195
2.0,225000.0,215640.0,-16601.0,0.1877854475740454,0.7610263695502636
1.0,90000.0,423000.0,-13738.0,0.5173905276530419,0.3996756156233169
0.0,56250.0,314100.0,-22989.0,0.1582991364620886,0.5352762504724826
2.0,99000.0,325908.0,-14111.0,0.3229581959817658,0.722392890081304
0.0,112500.0,508495.5,-13129.0,0.3477392233848499,0.1253078784282391
0.0,202500.0,1125000.0,-19523.0,0.6789928436531025,0.445396241560834
0.0,180000.0,1530517.5,-9963.0,0.657360151068846,0.5352762504724826
0.0,67500.0,180000.0,-12265.0,0.6069829249249821,0.4365064990977374
0.0,306000.0,900000.0,-11526.0,0.5229248928953933,0.5849900404894085
0.0,225000.0,254700.0,-23897.0,0.5696909829120176,0.5352762504724826
1.0,121500.0,1129500.0,-18539.0,0.6693962684094238,0.4650692149562261
1.0,225000.0,171841.5,-13687.0,0.6283631883398811,0.5352762504724826
2.0,135000.0,265851.0,-12521.0,0.478350121764215,0.5352762504724826
0.0,67500.0,148365.0,-21772.0,0.5578708715886218,0.1014593569914692
1.0,157500.0,170640.0,-14299.0,0.6469083909417982,0.5709165417729987
0.0,306000.0,521280.0,-19345.0,0.661289558329338,0.3539876078507373
2.0,180000.0,545040.0,-9693.0,0.4395023835658459,0.3233112448967859
0.0,121500.0,562491.0,-18923.0,0.5501121134205992,0.5352762504724826
1.0,225000.0,854896.5,-16490.0,0.438936841959117,0.4525335592581747
0.0,202500.0,180000.0,-9732.0,0.4558679734444284,0.5370699579791587
0.0,58500.0,571486.5,-18991.0,0.3433873686485609,0.656158373001177
0.0,202500.0,696150.0,-17055.0,0.1841375813312064,0.4365064990977374
0.0,90000.0,225000.0,-12185.0,0.172076523095867,0.3170317785834444
0.0,65250.0,143910.0,-17341.0,0.647986549517056,0.5442347412142162
1.0,157500.0,172021.5,-16092.0,0.7065372325146605,0.5352762504724826
0.0,157500.0,197820.0,-10357.0,0.5338774536097115,0.5352762504724826
0.0,112500.0,454500.0,-16083.0,0.6063254382261074,0.4294236843421945
0.0,49500.0,315000.0,-20978.0,0.7346357733570478,0.7366226976503176
0.0,112500.0,1212741.0,-20195.0,0.7494133517424985,0.6879328378491735
0.0,130500.0,457834.5,-12718.0,0.6963670298156901,0.7544061731797895
0.0,63000.0,172597.5,-10764.0,0.5715073095970729,0.6785676886853644
0.0,180000.0,2517300.0,-16632.0,0.7771790998766076,0.4048783643353997
1.0,81000.0,381528.0,-13334.0,0.0765305516554094,0.5352762504724826
0.0,67500.0,180000.0,-22202.0,0.6182385354843013,0.3672910183026313
0.0,202500.0,485640.0,-13304.0,0.3927442225854841,0.1538025863067176
0.0,112500.0,540000.0,-10703.0,0.6241252051134084,0.5954562029091491
0.0,324000.0,1546020.0,-19031.0,0.5804260123525763,0.5352762504724826
3.0,450000.0,1113840.0,-13613.0,0.4269548133034525,0.4382813743111921
0.0,180000.0,337500.0,-15368.0,0.6786734183503028,0.7981372313187245
0.0,67500.0,808650.0,-18700.0,0.7366175751882648,0.7295666907060153
1.0,189000.0,206271.0,-19281.0,0.6791072239235073,0.2985949897873972
2.0,67500.0,284400.0,-11951.0,0.162144567666238,0.6706517530862718
0.0,148500.0,1113840.0,-10760.0,0.1935008758085653,0.5352762504724826
0.0,202500.0,283585.5,-14545.0,0.3763452749366427,0.5262949398096192
0.0,157500.0,1125000.0,-16933.0,0.0182952745032453,0.6986675550534175
1.0,270000.0,1061599.5,-17435.0,0.7025725754868668,0.2032521136204725
1.0,112500.0,270000.0,-11029.0,0.5629831320835103,0.7700870700124128
1.0,247500.0,835380.0,-13279.0,0.6650215065851307,0.6785676886853644
0.0,135000.0,773680.5,-23586.0,0.0315478554853964,0.6817058776720116
0.0,67500.0,862560.0,-13394.0,0.6187957869602295,0.2910973802776635
1.0,157500.0,450000.0,-14933.0,0.6932881808548915,0.4974688893052743
3.0,90000.0,942300.0,-13980.0,0.3478681927757078,0.3672910183026313
1.0,117000.0,234576.0,-12061.0,0.2862641009645023,0.2910973802776635
0.0,202500.0,225000.0,-19645.0,0.4526749166422448,0.5814837058057234
1.0,90000.0,270000.0,-11749.0,0.7564504940043575,0.5352762504724826
0.0,112500.0,1284732.0,-16029.0,0.4742428244424793,0.5902333386185574
1.0,112500.0,454500.0,-11278.0,0.6933532758222255,0.4722533429586386
0.0,202500.0,837000.0,-14392.0,0.5437560378134573,0.5797274227921155
0.0,279000.0,1288350.0,-21854.0,0.7295448738980749,0.5028782772082183
1.0,270000.0,1525482.0,-9530.0,0.3728513977889288,0.3723336657058204
0.0,157500.0,900000.0,-17472.0,0.6198578247016368,0.7407990879702335
0.0,67500.0,247500.0,-16568.0,0.7169849402734555,0.6380435278721609
0.0,88483.5,455040.0,-20892.0,0.4528103681324779,0.1402431837080297
0.0,135000.0,405000.0,-18516.0,0.5323153304181552,0.5064842396679806
2.0,90000.0,760225.5,-11069.0,0.0535599625864815,0.5884877883422673
0.0,58500.0,1078200.0,-17719.0,0.7297303648343264,0.5424451438613613
0.0,180000.0,640080.0,-12748.0,0.2939875845022613,0.7826078370261895
0.0,427500.0,781920.0,-15632.0,0.6448677911419721,0.3046721837533529
1.0,90000.0,1042560.0,-15923.0,0.6012720648412059,0.7688075728291359
0.0,121500.0,337500.0,-17418.0,0.1451079653528582,0.3996756156233169
0.0,112500.0,135000.0,-24766.0,0.6802213032784971,0.4083588531230431
2.0,81000.0,270000.0,-12092.0,0.5170356005983143,0.3893387918468769
1.0,202500.0,746280.0,-11489.0,0.4733051056674173,0.6577838002083306
0.0,144000.0,416052.0,-17551.0,0.4002213887948684,0.1500851762342935
0.0,180000.0,942300.0,-17903.0,0.3006207701415689,0.5495965024956946
0.0,135000.0,545040.0,-11833.0,0.0496108121074896,0.2471909382666521
1.0,261000.0,687600.0,-13436.0,0.0971783561907983,0.190705947811054
1.0,216000.0,513531.0,-14028.0,0.4898676464235233,0.7838324335199619
0.0,121500.0,284400.0,-24366.0,0.6943055686963661,0.5352762504724826
0.0,99000.0,835605.0,-22504.0,0.6633632051474038,0.7726311345553628
0.0,126000.0,711072.0,-17206.0,0.3869082668888517,0.3201633668633456
0.0,112500.0,445500.0,-11317.0,0.6612552713059797,0.4794489811780563
1.0,225000.0,537471.0,-9368.0,0.5345902595586458,0.7281412993111438
0.0,315000.0,1255680.0,-18499.0,0.6390979637566664,0.6956219298394389
0.0,180000.0,640080.0,-9781.0,0.6450330367942175,0.6925590674998008
1.0,225000.0,175500.0,-11815.0,0.6074471067356416,0.5352762504724826
0.0,112500.0,781920.0,-22773.0,0.3755295542760157,0.6313545365850379
2.0,90000.0,76410.0,-13194.0,0.5276361803842131,0.363945238612397
1.0,135000.0,245619.0,-17139.0,0.6230216173523897,0.5352762504724826
2.0,117000.0,679500.0,-11981.0,0.3647425393573645,0.3139166772114369
0.0,225000.0,477792.0,-20414.0,0.6011409920629912,0.6446794549585961
1.0,81000.0,360000.0,-10950.0,0.6234786068657968,0.4031416766587513
2.0,157500.0,225000.0,-12345.0,0.6787020304238913,0.7850520263728172
0.0,112500.0,544491.0,-23102.0,0.6462787730632961,0.6785676886853644
0.0,270000.0,1189710.0,-12852.0,0.262635094970788,0.3893387918468769
0.0,99000.0,270000.0,-19397.0,0.6220452902399258,0.2405414172860865
0.0,112500.0,334152.0,-23443.0,0.4627757243359564,0.3490552510751822
0.0,315000.0,1266048.0,-21126.0,0.5573368325273788,0.5884877883422673
2.0,495000.0,746280.0,-11620.0,0.5528274070125645,0.5352762504724826
1.0,112500.0,463500.0,-17839.0,0.5577683895815206,0.1884895337951677
2.0,99000.0,533304.0,-11780.0,0.1985077475519779,0.4118485559242397
0.0,67500.0,808650.0,-16943.0,0.6527798461103054,0.6610235391308081
0.0,360000.0,585000.0,-21980.0,0.7532577757708148,0.5954562029091491
1.0,90000.0,312768.0,-18082.0,0.4400088113066132,0.6738300778602003
0.0,157500.0,305221.5,-18546.0,0.2001060271526074,0.5352762504724826
1.0,279000.0,630000.0,-15647.0,0.7208778218328261,0.6956219298394389
0.0,337500.0,1256400.0,-18377.0,0.036393910353633,0.41534714488434
1.0,76500.0,188685.0,-9857.0,0.4708417824921242,0.5172965813614878
0.0,112500.0,331834.5,-9883.0,0.2702510433371696,0.4740512892789932
2.0,225000.0,675000.0,-16520.0,0.5487966547954183,0.5779691187553125
0.0,90000.0,225000.0,-15263.0,0.6661215425865188,0.5352762504724826
0.0,90000.0,166500.0,-22318.0,0.7071716015986317,0.4258928980051529
2.0,157500.0,1132326.0,-10088.0,0.6131004946387443,0.1110424022694314
0.0,27000.0,360000.0,-20794.0,0.6178720245580971,0.6706517530862718
1.0,90000.0,373311.0,-15526.0,0.4252970726443565,0.4632753280912678
2.0,90000.0,1078200.0,-12866.0,0.7158742965744435,0.4188542886233217
0.0,315000.0,270000.0,-12103.0,0.6071550598752345,0.6658549219640212
1.0,81000.0,450000.0,-16359.0,0.2628892638989276,0.5352762504724826
0.0,135000.0,243000.0,-18717.0,0.6760832790133475,0.5352762504724826
0.0,112500.0,609898.5,-20989.0,0.4717190485453104,0.5352762504724826
0.0,180000.0,1550655.0,-9731.0,0.3053589182717415,0.5352762504724826
0.0,198000.0,323388.0,-19571.0,0.1762183224908176,0.7001838506835805
0.0,135000.0,202500.0,-17466.0,0.5225102665603328,0.8083935912119442
2.0,72000.0,90000.0,-11978.0,0.4051445102670476,0.524496446363472
0.0,67500.0,178290.0,-9964.0,0.5008765859312403,0.3154721549257734
0.0,90000.0,566055.0,-16041.0,0.6632801839438358,0.8245949709919925
1.0,315000.0,755190.0,-12523.0,0.7264097216083253,0.2539628093363117
0.0,121500.0,1096020.0,-12583.0,0.6171541009569064,0.5352762504724826
0.0,121500.0,163201.5,-20507.0,0.0633431275060106,0.0806495443214359
1.0,72000.0,180000.0,-11085.0,0.5743110436293039,0.5460231970049609
1.0,90000.0,781920.0,-20398.0,0.4282928990433581,0.2608559142068693
0.0,337500.0,1350000.0,-18849.0,0.7655849096254671,0.5136937663039473
1.0,180000.0,157914.0,-13013.0,0.2631435910213423,0.5298898341969072
0.0,135000.0,254700.0,-15037.0,0.1093604567172941,0.3979463219016906
0.0,90000.0,135000.0,-18065.0,0.7666350269330958,0.5954562029091491
0.0,99000.0,143910.0,-23902.0,0.5555179553138245,0.5352762504724826
0.0,90000.0,256500.0,-22181.0,0.5853173457543265,0.5352762504724826
1.0,202500.0,272173.5,-14152.0,0.4969732603473035,0.5954562029091491
1.0,180000.0,900000.0,-14124.0,0.5306872183623269,0.7151031019926098
1.0,90000.0,521280.0,-17082.0,0.4958307388310573,0.4848514754962666
0.0,90000.0,900000.0,-9133.0,0.3236040331908318,0.7238369900414456
0.0,247500.0,1886850.0,-19488.0,0.2449004085517018,0.5352762504724826
0.0,67500.0,91143.0,-24747.0,0.6517680384233184,0.6940926425266661
0.0,270000.0,327024.0,-13741.0,0.1964975338456388,0.4400578303966329
1.0,157500.0,900000.0,-10190.0,0.4276504857543723,0.5744466170995097
0.0,153000.0,254700.0,-16988.0,0.2510661459814842,0.6279908192952864
0.0,270000.0,1306174.5,-14987.0,0.7423174612691767,0.6161216908872079
1.0,189000.0,640080.0,-12588.0,0.1048747953876084,0.1285043773724039
0.0,112500.0,513531.0,-10356.0,0.3445864845061774,0.190705947811054
0.0,180000.0,566055.0,-20999.0,0.5410694026410776,0.6263042766749393
0.0,360000.0,1214100.0,-22015.0,0.6126750604043834,0.7394117535524816
0.0,112500.0,149256.0,-21013.0,0.6838254736814579,0.7121551551910698
0.0,90000.0,1264428.0,-12554.0,0.5588684638183679,0.7194907850918436
0.0,225000.0,188685.0,-8759.0,0.4718879833522456,0.5352762504724826
0.0,292500.0,420588.0,-19865.0,0.5949223611507681,0.6512602186973006
0.0,270000.0,1024740.0,-21785.0,0.4095420140773999,0.1237353221130787
0.0,202500.0,450000.0,-8732.0,0.6610054147752841,0.5352762504724826
1.0,310500.0,645903.0,-16091.0,0.6921897074474279,0.6075573001388961
0.0,112500.0,202500.0,-19488.0,0.4453876642255956,0.7252764347002191
1.0,126000.0,770292.0,-17479.0,0.6041676528505224,0.7958031328748403
0.0,135000.0,675000.0,-20793.0,0.3286500466963014,0.3672910183026313
0.0,270000.0,1133748.0,-16621.0,0.40550820195406,0.3139166772114369
0.0,112500.0,533668.5,-18827.0,0.5520217945822617,0.622922000268356
0.0,450000.0,1350000.0,-22615.0,0.7631192732132595,0.5352762504724826
0.0,112500.0,384048.0,-22548.0,0.0166363331866297,0.6195277080511546
0.0,202500.0,770328.0,-17500.0,0.6825048985189488,0.6397075677637197
2.0,180000.0,568800.0,-12806.0,0.7317654705902802,0.375711009574066
0.0,202500.0,270000.0,-12162.0,0.701034926584068,0.6940926425266661
0.0,81000.0,247275.0,-22511.0,0.6397987546054095,0.5424451438613613
0.0,171000.0,993082.5,-16643.0,0.4198865654864529,0.7281412993111438
0.0,441000.0,338832.0,-20194.0,0.4538617077334849,0.6263042766749393
0.0,315000.0,1350000.0,-14270.0,0.7800738554937219,0.5352762504724826
0.0,135000.0,354276.0,-20062.0,0.6501831035911129,0.5352762504724826
0.0,270000.0,728460.0,-23987.0,0.5621759436030345,0.445396241560834
0.0,180000.0,320922.0,-15675.0,0.5292327990624901,0.4992720153045617
0.0,315000.0,536917.5,-18402.0,0.7041375443121193,0.4507472818545589
0.0,166500.0,202500.0,-7990.0,0.4150260471224746,0.5352762504724826
0.0,99000.0,239850.0,-24189.0,0.7276075588016351,0.7557400501752248
0.0,67500.0,373500.0,-9955.0,0.2410911467317754,0.3910549766342248
0.0,112500.0,755190.0,-21878.0,0.2665197753925157,0.6195277080511546
1.0,130500.0,301464.0,-11701.0,0.478972212647436,0.3859146722745145
0.0,180000.0,270000.0,-19142.0,0.7621613241634849,0.5352762504724826
2.0,103500.0,270000.0,-9085.0,0.5825972229913853,0.5352762504724826
0.0,76500.0,331834.5,-17707.0,0.2481213454309361,0.7338145369642702
2.0,99000.0,247500.0,-11424.0,0.5101033311605843,0.5814837058057234
1.0,135000.0,497520.0,-13875.0,0.4182841259514641,0.5352762504724826
0.0,45000.0,269550.0,-18229.0,0.3869757028501182,0.2263473957097693
0.0,450000.0,675000.0,-18724.0,0.6852279956042763,0.5280927512030451
0.0,67500.0,95940.0,-22875.0,0.5503610519861771,0.5352762504724826
0.0,157500.0,582768.0,-19760.0,0.6585068487413954,0.6785676886853644
2.0,135000.0,170640.0,-15121.0,0.466028345000308,0.1455428133497032
0.0,216000.0,761872.5,-10112.0,0.6816038960314159,0.363945238612397
0.0,225000.0,771493.5,-21971.0,0.6165597486262046,0.2512394458905693
1.0,130500.0,900000.0,-14527.0,0.6445321861334664,0.6722428897082422
0.0,157500.0,961146.0,-17281.0,0.5899168604342055,0.6041125998015721
0.0,135000.0,755190.0,-17179.0,0.4463655775744,0.5919766183185521
0.0,180000.0,808650.0,-21908.0,0.4611342821716226,0.5154953751603267
0.0,180000.0,251091.0,-23568.0,0.729005201353378,0.6512602186973006
0.0,270000.0,327024.0,-16942.0,0.6556144396148942,0.3962195720630885
0.0,387000.0,387000.0,-24017.0,0.6180991739233934,0.5352762504724826
0.0,63000.0,459000.0,-14852.0,0.1637192711866296,0.6092756673894402
1.0,67500.0,225000.0,-17440.0,0.7487886344899078,0.6769925032909132
0.0,135000.0,481495.5,-23595.0,0.3149781061019107,0.746300213050371
1.0,126000.0,755190.0,-14416.0,0.5954650407968981,0.7281412993111438
0.0,180000.0,1575000.0,-20140.0,0.7477465164938093,0.6577838002083306
0.0,180000.0,1206954.0,-22103.0,0.2492694734135901,0.5460231970049609
0.0,135000.0,715500.0,-10003.0,0.7133992975601597,0.1198779608955348
0.0,180000.0,497520.0,-9289.0,0.6269219962366944,0.4489622731076524
3.0,135000.0,562500.0,-12194.0,0.5398148123460457,0.3740208032583212
0.0,112500.0,787131.0,-22195.0,0.5838994821495895,0.7688075728291359
0.0,144000.0,592560.0,-21197.0,0.3636032614365042,0.4614823912998385
0.0,274500.0,1278594.0,-22494.0,0.3300797817835429,0.7281412993111438
0.0,270000.0,1298655.0,-20716.0,0.6658880572666489,0.5531646987710016
0.0,99000.0,1288350.0,-17634.0,0.6228983467249344,0.363945238612397
0.0,180000.0,112500.0,-16898.0,0.6364913012802964,0.8667312342599449
1.0,67500.0,592560.0,-9258.0,0.2985879694006489,0.2985949897873972
1.0,45000.0,314100.0,-10833.0,0.1176026676764625,0.1595195404777181
0.0,112500.0,1288350.0,-20758.0,0.5226793942388216,0.1694287272664794
0.0,126000.0,270000.0,-12311.0,0.0633081061791035,0.2837118826350007
1.0,270000.0,1546020.0,-17660.0,0.6696962424695736,0.4920600938649263
0.0,157500.0,835164.0,-20187.0,0.7258748463789956,0.3791004853998145
1.0,135000.0,1256400.0,-12883.0,0.6592637367355662,0.6109913280868294
0.0,270000.0,335592.0,-19242.0,0.2898832677976633,0.5352762504724826
0.0,117000.0,225000.0,-17910.0,0.6879149429663663,0.7180328113294772
0.0,135000.0,180000.0,-22285.0,0.5266986506617679,0.213966852261798
1.0,99000.0,1046142.0,-14420.0,0.6985127387433272,0.2866524828090694
0.0,112500.0,921861.0,-14403.0,0.7370797550960422,0.3589512285783967
0.0,135000.0,254700.0,-18648.0,0.6927019796544368,0.6092756673894402
0.0,540000.0,906228.0,-15850.0,0.5206986478646989,0.5495965024956946
0.0,157500.0,540000.0,-16699.0,0.641409819129489,0.6380435278721609
0.0,85500.0,286704.0,-11130.0,0.592707102947451,0.5867400085415683
0.0,213601.5,810000.0,-9175.0,0.2243229072493683,0.2778856891082046
0.0,81000.0,755190.0,-23527.0,0.6229959372837893,0.4974688893052743
0.0,135000.0,270000.0,-14471.0,0.2493022122303303,0.6246146584503397
0.0,90000.0,526500.0,-23610.0,0.3818734119616759,0.5352762504724826
2.0,90000.0,521280.0,-14750.0,0.5910484626020869,0.1852020815902493
1.0,150750.0,900000.0,-9947.0,0.4816086140501021,0.4740512892789932
0.0,184500.0,1138500.0,-11584.0,0.5606629274681464,0.3876253444214701
1.0,112500.0,337500.0,-15665.0,0.2189922647180279,0.6178261467332483
2.0,112500.0,157500.0,-13764.0,0.5513186879858314,0.8016009030071296
0.0,202500.0,746626.5,-15768.0,0.695126459090938,0.5352762504724826
1.0,81000.0,74628.0,-11150.0,0.7030064995147489,0.6894791426446275
0.0,90000.0,253737.0,-10897.0,0.2072989243776666,0.470456116119975
0.0,270000.0,177903.0,-12973.0,0.6804543337472728,0.4668640059537032
1.0,225000.0,675000.0,-12564.0,0.402906689384096,0.3328505641648731
0.0,225000.0,906615.0,-23497.0,0.4578268199968029,0.7476633896301825
0.0,270000.0,450000.0,-10153.0,0.5611099512431124,0.7597121819739279
1.0,90000.0,327249.0,-10026.0,0.6472579586086145,0.6296742509538716
0.0,225000.0,134775.0,-12204.0,0.3213680194083536,0.5352762504724826
0.0,261000.0,864000.0,-20599.0,0.6127580854824649,0.3979463219016906
0.0,112500.0,900000.0,-23512.0,0.4245115670942585,0.7934490301648944
0.0,112500.0,203760.0,-11511.0,0.6335111229621574,0.475849908720221
0.0,139500.0,770292.0,-19420.0,0.1965493278610876,0.7610263695502636
0.0,63000.0,135000.0,-13191.0,0.6986186466871439,0.5352762504724826
1.0,225000.0,549882.0,-16498.0,0.2663103612437609,0.2750003523983893
0.0,112500.0,855000.0,-16191.0,0.3343926659713868,0.5352762504724826
0.0,130500.0,571500.0,-21985.0,0.7011174161496728,0.3622772470384314
2.0,450000.0,592560.0,-13693.0,0.7514283618274846,0.7295666907060153
0.0,135000.0,212656.5,-20581.0,0.3813264156612074,0.2032521136204725
0.0,99000.0,283585.5,-19542.0,0.0563870056971276,0.3031463744186309
0.0,202500.0,625536.0,-17822.0,0.4338972435182714,0.7091891096653581
0.0,85500.0,808650.0,-18854.0,0.2981439189079746,0.501075160239048
0.0,225000.0,450000.0,-16602.0,0.6406852324736965,0.4866531565147181
0.0,103500.0,202500.0,-8644.0,0.2565493100874797,0.511891801533151
0.0,315000.0,1477863.0,-16124.0,0.6456236320194642,0.6848276586890367
0.0,157500.0,360000.0,-20006.0,0.6660972249960166,0.3944954053123993
2.0,175500.0,1086034.5,-16063.0,0.7111810194259567,0.4276573700350293
2.0,247500.0,1436850.0,-15704.0,0.7413919627101065,0.4561097392782771
1.0,90000.0,573628.5,-10115.0,0.2338962407216287,0.2580842039460289
0.0,112500.0,152820.0,-17581.0,0.499181849925407,0.2793353208976285
0.0,229500.0,450000.0,-19471.0,0.6119690833634556,0.3344541255096772
0.0,427500.0,485640.0,-22083.0,0.2650816394136861,0.3328505641648731
1.0,202500.0,298512.0,-11831.0,0.5488237287829323,0.059629657546692
0.0,135000.0,229230.0,-17065.0,0.3662842384621369,0.7738956942145427
0.0,207000.0,755190.0,-9895.0,0.093610327368893,0.5638350489514956
0.0,166500.0,1575000.0,-22707.0,0.5589978465438346,0.4992720153045617
0.0,78750.0,381528.0,-12104.0,0.2027794451513824,0.178760465484575
2.0,112500.0,770292.0,-15663.0,0.6807348018898198,0.6127042441012546
1.0,135000.0,1620000.0,-16370.0,0.6883279277106003,0.4650692149562261
0.0,135000.0,1042560.0,-19257.0,0.3388509756715384,0.6479768603302221
1.0,126000.0,275040.0,-13198.0,0.3631732646638437,0.5352762504724826
0.0,225000.0,278613.0,-18972.0,0.5313842847877407,0.3689687382528466
0.0,99000.0,592560.0,-18165.0,0.5884771887926155,0.6674577419214722
0.0,94500.0,652311.0,-14316.0,0.1631870354642708,0.5867400085415683
0.0,36000.0,225000.0,-14245.0,0.4988210362709624,0.5352762504724826
0.0,157500.0,728460.0,-15887.0,0.2120165459307647,0.7338145369642702
0.0,121500.0,452385.0,-10086.0,0.445263429107096,0.0339098057920182
1.0,180000.0,436032.0,-17389.0,0.4820017092821654,0.4311917977993083
0.0,270000.0,675000.0,-8879.0,0.7063467651895643,0.3672910183026313
0.0,112500.0,188460.0,-15702.0,0.5604097498199767,0.5567274263630174
0.0,148500.0,454500.0,-10637.0,0.3126049459935877,0.4083588531230431
0.0,382500.0,755190.0,-14915.0,0.7163499737720839,0.4561097392782771
0.0,45000.0,284400.0,-20545.0,0.2519841908541295,0.4135967602644276
0.0,292500.0,1546020.0,-14322.0,0.752761593806272,0.3185955240537633
0.0,90000.0,808650.0,-22552.0,0.203732053063216,0.4614823912998385
2.0,180000.0,835380.0,-14915.0,0.7337908425130115,0.7838324335199619
2.0,180000.0,391500.0,-14630.0,0.7604765184441891,0.8128226070575616
0.0,144000.0,450000.0,-15993.0,0.5087917454064658,0.2764406945454034
0.0,157500.0,254700.0,-24066.0,0.2035724632193326,0.5620604831738043
0.0,90000.0,900000.0,-9115.0,0.1922073830328058,0.5352762504724826
0.0,189000.0,607500.0,-19330.0,0.4253505221468029,0.4812493411434029
2.0,135000.0,225000.0,-13638.0,0.6350633233998837,0.6658549219640212
0.0,112500.0,225000.0,-24220.0,0.4766424513190779,0.5352762504724826
0.0,198000.0,1039500.0,-23493.0,0.7093404672870021,0.7981372313187245
0.0,225000.0,1035832.5,-16026.0,0.632530691449947,0.7136313997323308
1.0,225000.0,381528.0,-14056.0,0.6885765128078041,0.3280631605201915
0.0,189000.0,539100.0,-23147.0,0.5831661075816368,0.5352762504724826
0.0,360000.0,815877.0,-18203.0,0.6601424762074776,0.5460231970049609
0.0,292500.0,1530517.5,-14548.0,0.4071117838904492,0.8016009030071296
0.0,67500.0,198666.0,-19074.0,0.2240832829069524,0.5352762504724826
2.0,90000.0,364896.0,-11830.0,0.6456686592259533,0.3589512285783967
0.0,247500.0,450000.0,-11382.0,0.3866022659007289,0.2366108235287817
0.0,247500.0,916470.0,-17677.0,0.5089775611649846,0.2881295999178507
0.0,157500.0,225000.0,-23452.0,0.4886381638198589,0.8193176922872417
1.0,90000.0,180000.0,-8434.0,0.3287803307082121,0.5352762504724826
1.0,175500.0,654498.0,-20233.0,0.30607835025039,0.5352762504724826
0.0,112500.0,180000.0,-9413.0,0.5499389239561607,0.5352762504724826
0.0,112500.0,254700.0,-8374.0,0.5366516939684592,0.5352762504724826
0.0,157500.0,180000.0,-10838.0,0.6334654278514623,0.3296550543128238
2.0,157500.0,970380.0,-15811.0,0.3352352114891181,0.5406544504453575
0.0,135000.0,436032.0,-22201.0,0.6568871560373682,0.110332428166289
1.0,139050.0,545040.0,-21071.0,0.5844678577799832,0.7281412993111438
0.0,220500.0,585000.0,-22744.0,0.162144567666238,0.4118485559242397
0.0,135000.0,539100.0,-19246.0,0.5981118395132721,0.4507472818545589
1.0,234000.0,677664.0,-14773.0,0.6876237970031798,0.6658549219640212
0.0,135000.0,758214.0,-22367.0,0.6746305575225072,0.6658549219640212
0.0,112500.0,199080.0,-16251.0,0.1986121437558572,0.4206109640437848
2.0,342000.0,900000.0,-12439.0,0.5686667947977211,0.5849900404894085
0.0,112500.0,523597.5,-21451.0,0.6581428615513801,0.5620604831738043
0.0,202500.0,180000.0,-20514.0,0.7188714100141955,0.6479768603302221
0.0,247500.0,755190.0,-19252.0,0.5992204360304005,0.1500851762342935
0.0,112500.0,1009566.0,-17494.0,0.4474520339779709,0.8128226070575616
0.0,135000.0,808650.0,-15267.0,0.6931300610050767,0.8106180215523969
0.0,225000.0,675000.0,-17532.0,0.4206537810087756,0.4101025731788671
0.0,112500.0,180000.0,-19061.0,0.2575641352613946,0.5495965024956946
0.0,135000.0,152820.0,-9514.0,0.4279341883428694,0.2044226253763287
0.0,202500.0,544491.0,-15615.0,0.3135360968588879,0.7047064232963289
0.0,189000.0,1006920.0,-19624.0,0.5879369198224458,0.5352762504724826
2.0,90000.0,180000.0,-15325.0,0.5727064251507902,0.7394117535524816
1.0,180000.0,1048500.0,-14349.0,0.5313788394273955,0.3201633668633456
0.0,90000.0,225000.0,-9275.0,0.5866542593537074,0.3689687382528466
0.0,166500.0,349258.5,-22311.0,0.5999186989562895,0.3092753558842053
0.0,270000.0,728460.0,-11238.0,0.6637537577270702,0.0238884360918939
0.0,135000.0,539100.0,-14147.0,0.471773542938451,0.5352762504724826
0.0,63000.0,276277.5,-20689.0,0.6213561265806405,0.7764098512142026
1.0,157500.0,573408.0,-19436.0,0.2927092678328366,0.1777040724853336
1.0,202500.0,755190.0,-19288.0,0.7378460747305174,0.4740512892789932
2.0,315000.0,314055.0,-15394.0,0.601770008896263,0.4578995512067301
0.0,112500.0,178290.0,-15563.0,0.5178382567092665,0.0963186927645401
1.0,225000.0,225000.0,-13279.0,0.6924319315981583,0.6109913280868294
0.0,135000.0,942300.0,-12459.0,0.5996982385820416,0.5082869913916046
0.0,126000.0,539230.5,-12762.0,0.4663711854958713,0.6075573001388961
0.0,90000.0,450000.0,-15780.0,0.6103425155084179,0.5352762504724826
1.0,202500.0,584766.0,-15632.0,0.64682347219278,0.4632753280912678
0.0,67500.0,238981.5,-17967.0,0.7975550853217985,0.5352762504724826
0.0,90000.0,599778.0,-19820.0,0.6174227367234892,0.838724852442103
0.0,270000.0,966555.0,-20082.0,0.7028329737782496,0.5867400085415683
0.0,112500.0,403083.0,-16875.0,0.0205699119619615,0.524496446363472
0.0,180000.0,704844.0,-13687.0,0.6334044973030262,0.3474182272002641
0.0,157500.0,149256.0,-13026.0,0.2081482511762512,0.6817058776720116
0.0,247500.0,1185282.0,-10329.0,0.7106687009929633,0.3927738606031339
1.0,76500.0,343377.0,-10253.0,0.1057359880322966,0.178760465484575
1.0,180000.0,679500.0,-9997.0,0.5752997809291099,0.5352762504724826
0.0,225000.0,239850.0,-25040.0,0.3467280857509862,0.7267112092725122
0.0,76500.0,159205.5,-24651.0,0.4508280663732521,0.2276129150623945
1.0,1350000.0,787086.0,-14824.0,0.5333604465460791,0.2837118826350007
0.0,112500.0,976711.5,-14221.0,0.0676197931829855,0.5602843280409464
1.0,202500.0,733500.0,-13147.0,0.5250738839493094,0.1214082861631216
1.0,99000.0,298512.0,-9384.0,0.4295141487558614,0.5352762504724826
0.0,126000.0,443088.0,-21103.0,0.4947101259797029,0.5352762504724826
0.0,135000.0,363190.5,-10721.0,0.1737653543610143,0.1455428133497032
0.0,157500.0,495000.0,-17657.0,0.4488040472305405,0.3123653692278984
0.0,135000.0,252000.0,-21940.0,0.3834903431482221,0.6722428897082422
1.0,157500.0,239418.0,-23216.0,0.4493612980029484,0.7091891096653581
0.0,180000.0,837427.5,-19565.0,0.6475125444268579,0.3062022983135042
3.0,135000.0,888840.0,-16947.0,0.6777619004104548,0.5352762504724826
1.0,135000.0,573408.0,-16545.0,0.6665979889053817,0.6801388218428291
0.0,67500.0,275040.0,-9962.0,0.6586101084135365,0.7001838506835805
0.0,119250.0,183384.0,-9628.0,0.4995481313230277,0.7121551551910698
0.0,202500.0,808650.0,-19028.0,0.4317338663151744,0.5352762504724826
1.0,130500.0,282690.0,-15919.0,0.6380885920601086,0.7136313997323308
0.0,171000.0,646920.0,-15668.0,0.5425025819318211,0.6801388218428291
0.0,94500.0,808650.0,-22389.0,0.6023620260570808,0.6879328378491735
0.0,202500.0,544500.0,-19845.0,0.466806584248105,0.6528965519806539
0.0,157500.0,180000.0,-19423.0,0.4163645382771176,0.5691487713619409
0.0,171000.0,292500.0,-23208.0,0.7368635707432372,0.1253078784282391
0.0,202500.0,1255680.0,-14166.0,0.7008928306180424,0.7421816117614419
0.0,171000.0,1546020.0,-15526.0,0.5972810475603362,0.6706517530862718
0.0,202500.0,168102.0,-10833.0,0.0251482109032842,0.5352762504724826
0.0,90000.0,279000.0,-16773.0,0.5199836699515449,0.5567274263630174
0.0,157500.0,589500.0,-9692.0,0.5244249174247096,0.5352762504724826
0.0,180000.0,604152.0,-16391.0,0.5413680384938626,0.6940926425266661
1.0,189000.0,199467.0,-11039.0,0.6217110558232247,0.5352762504724826
2.0,180000.0,521280.0,-14187.0,0.6107168970084892,0.520897599048938
1.0,247500.0,592560.0,-10923.0,0.3425004196962275,0.5352762504724826
2.0,135000.0,157914.0,-14100.0,0.2775176345893066,0.3441550073724169
0.0,112500.0,450000.0,-18502.0,0.4490258501807637,0.5352762504724826
1.0,216000.0,828837.0,-13183.0,0.2429886979519189,0.5937175866150576
0.0,202500.0,268164.0,-20060.0,0.6868059190736177,0.746300213050371
1.0,247500.0,2220259.5,-12099.0,0.7312973544211414,0.3996756156233169
0.0,135000.0,675000.0,-14656.0,0.0296089842690587,0.6479768603302221
0.0,427500.0,485640.0,-10602.0,0.6034823695710452,0.2970866116472028
0.0,157500.0,203760.0,-20361.0,0.6551501800528587,0.4135967602644276
0.0,270000.0,148500.0,-18740.0,0.7240173300297781,0.4311917977993083
0.0,180000.0,1130062.5,-17920.0,0.6150438706749906,0.7570690154522959
3.0,94500.0,269550.0,-20035.0,0.5794991017703051,0.6956219298394389
0.0,67500.0,180000.0,-14408.0,0.3087974655195423,0.3774042489507649
1.0,202500.0,675000.0,-15129.0,0.1424322778520568,0.7407990879702335
0.0,121500.0,900000.0,-17270.0,0.6504267743349164,0.6674577419214722
2.0,76500.0,981162.0,-13292.0,0.6426059845351004,0.5388627065779676
0.0,112500.0,276277.5,-8397.0,0.1871558912123749,0.5352762504724826
0.0,67500.0,1288350.0,-14095.0,0.7062832600332147,0.3807996826489149
1.0,135000.0,135000.0,-18110.0,0.7270741455131909,0.4400578303966329
0.0,180000.0,941193.0,-16146.0,0.6305003173176552,0.6848276586890367
0.0,202500.0,1575000.0,-8959.0,0.7029973680403029,0.434733248750173
0.0,157500.0,277969.5,-14265.0,0.4719860774877253,0.4812493411434029
1.0,63000.0,45000.0,-12890.0,0.0380647149065298,0.7934490301648944
1.0,189000.0,1260702.0,-16682.0,0.686528328329161,0.3154721549257734
1.0,180000.0,622188.0,-12304.0,0.0336796776407453,0.5442347412142162
0.0,270000.0,810000.0,-9350.0,0.3525108593431336,0.3774042489507649
2.0,135000.0,180000.0,-13309.0,0.6660777702876591,0.6313545365850379
0.0,360000.0,389844.0,-21651.0,0.5405209219380075,0.8482442999507556
2.0,540000.0,1724220.0,-13617.0,0.7061925244666846,0.6738300778602003
1.0,135000.0,521280.0,-10714.0,0.6515645192234928,0.3689687382528466
0.0,112500.0,297130.5,-12587.0,0.6479765734622346,0.7136313997323308
0.0,67500.0,268659.0,-23711.0,0.1915258625230554,0.5352762504724826
2.0,67500.0,111384.0,-10627.0,0.3599376654712225,0.1694287272664794
1.0,247500.0,207396.0,-16615.0,0.3552558605867515,0.7517237147741489
0.0,135000.0,254700.0,-9057.0,0.1349677347577219,0.1528662291550415
0.0,382500.0,585000.0,-13403.0,0.7427271706244317,0.7688075728291359
0.0,360000.0,1288350.0,-17821.0,0.6541317252440338,0.2707073872651806
0.0,171000.0,1078200.0,-11005.0,0.6591360073041551,0.4902575124990026
0.0,147150.0,1546020.0,-8832.0,0.4519056857230703,0.5064842396679806
0.0,256500.0,356580.0,-19345.0,0.4922941709279342,0.6848276586890367
0.0,153000.0,639396.0,-22970.0,0.6998097999829397,0.5190973382084597
1.0,225000.0,402939.0,-10355.0,0.5316075381117786,0.3154721549257734
2.0,121500.0,225000.0,-18405.0,0.5398528377289878,0.7662336700704004
1.0,202500.0,1166724.0,-17256.0,0.653305045644048,0.7016957740576931
1.0,112500.0,337500.0,-14194.0,0.3942681389792175,0.6577838002083306
0.0,135000.0,454500.0,-18455.0,0.6119275406293457,0.2314393514998941
0.0,135000.0,536917.5,-14095.0,0.7365072533713894,0.4329616670974407
0.0,90000.0,808650.0,-21852.0,0.5572397202352952,0.2327247762679433
0.0,135000.0,315000.0,-9894.0,0.224612220200516,0.2103502286944494
0.0,135000.0,180000.0,-8896.0,0.3141906828499918,0.2539628093363117
1.0,180000.0,405000.0,-15800.0,0.3970603338557857,0.5316861425197883
1.0,135000.0,1078200.0,-11315.0,0.5797548575313084,0.3774042489507649
0.0,202500.0,1078200.0,-17536.0,0.6546510178630413,0.3139166772114369
0.0,112500.0,675000.0,-12144.0,0.3893178789391311,0.6413682574954046
0.0,157500.0,518562.0,-21547.0,0.3017852479498965,0.5513812618027899
0.0,270000.0,521280.0,-12914.0,0.6645049413047401,0.3979463219016906
1.0,270000.0,1350000.0,-11410.0,0.6839672950890641,0.4418358231994413
1.0,180000.0,1341000.0,-11073.0,0.6716427020852014,0.5352762504724826
0.0,315000.0,1642500.0,-17896.0,0.5715447947480037,0.4722533429586386
0.0,157500.0,1288350.0,-17820.0,0.6680349834190424,0.7490217048463391
1.0,112500.0,137520.0,-13881.0,0.697927562070279,0.4206109640437848
0.0,135000.0,381528.0,-20929.0,0.5934353940646254,0.6594055320683344
0.0,35550.0,225000.0,-22231.0,0.4757969994589582,0.6127042441012546
0.0,247500.0,715500.0,-16111.0,0.2665881782235377,0.6109913280868294
1.0,157500.0,1061599.5,-15017.0,0.4171671632763977,0.5937175866150576
1.0,202500.0,1575000.0,-12457.0,0.570660998677006,0.5352762504724826
0.0,135000.0,270000.0,-21630.0,0.3616775744187449,0.5388627065779676
0.0,112500.0,135000.0,-12988.0,0.5406512629285225,0.7338145369642702
0.0,135000.0,1080000.0,-14292.0,0.4447611570096029,0.5352762504724826
2.0,157500.0,900000.0,-14091.0,0.5934248420458674,0.6006575372857061
1.0,90000.0,942300.0,-16349.0,0.4332742724578002,0.4543210601605785
0.0,180000.0,607500.0,-17856.0,0.0449305971233796,0.7194907850918436
0.0,202500.0,450000.0,-13060.0,0.4478359276360014,0.3409064264152384
1.0,90000.0,1078200.0,-15586.0,0.6680155853424157,0.4206109640437848
2.0,121500.0,279000.0,-13328.0,0.6580001670824971,0.4471785780453068
0.0,135000.0,298512.0,-13749.0,0.642676292072271,0.5902333386185574
1.0,117000.0,816660.0,-14714.0,0.6349214080898393,0.6801388218428291
0.0,99000.0,450000.0,-9595.0,0.6265434362086529,0.3962195720630885
1.0,225000.0,675000.0,-11954.0,0.2755358466931539,0.3656165070113335
3.0,67500.0,450000.0,-12184.0,0.5660312575232652,0.5638350489514956
0.0,94500.0,259794.0,-20201.0,0.5825280911599198,0.6722428897082422
0.0,112500.0,454500.0,-13740.0,0.7116524147093054,0.1317701325313814
2.0,301500.0,810000.0,-13059.0,0.657005434042579,0.5352762504724826
0.0,225000.0,781920.0,-13547.0,0.7361803570218137,0.5352762504724826
0.0,202500.0,500211.0,-11445.0,0.3104147357090927,0.3344541255096772
1.0,360000.0,1293502.5,-12397.0,0.2362239347908323,0.6109913280868294
0.0,54000.0,447768.0,-19629.0,0.6530424924554045,0.5352762504724826
0.0,202500.0,969579.0,-20884.0,0.5177563571719683,0.6195277080511546
0.0,112500.0,382500.0,-11865.0,0.7127281690755165,0.6512602186973006
0.0,90000.0,299772.0,-9124.0,0.6210576796775966,0.3506958432829587
0.0,135000.0,171000.0,-23236.0,0.3103632479546279,0.5495965024956946
2.0,121500.0,284400.0,-13708.0,0.5634242544156147,0.1884895337951677
1.0,112500.0,528633.0,-16205.0,0.3977096762992321,0.5620604831738043
2.0,135000.0,781920.0,-10388.0,0.1762881705412118,0.8050196619153701
2.0,126000.0,1391418.0,-16943.0,0.4911300426331142,0.5352762504724826
0.0,121500.0,225000.0,-19409.0,0.3916234927151343,0.6161216908872079
0.0,112500.0,537669.0,-18143.0,0.5170902058883371,0.7091891096653581
2.0,90000.0,45000.0,-15420.0,0.7413081004613009,0.8327850252992314
0.0,202500.0,450000.0,-18518.0,0.0014235738087719,0.5352762504724826
0.0,135000.0,1350000.0,-21502.0,0.6439407750904774,0.3807996826489149
2.0,202500.0,225000.0,-17316.0,0.6805161430377823,0.0963186927645401
2.0,135000.0,104256.0,-12711.0,0.3675033084426122,0.4614823912998385
0.0,135000.0,1288350.0,-19460.0,0.6880182171811793,0.5849900404894085
0.0,135000.0,113760.0,-17845.0,0.5613738103437803,0.7801436381572275
0.0,45000.0,67500.0,-24556.0,0.5813630001119756,0.5352762504724826
0.0,157500.0,900000.0,-15717.0,0.3774031635050281,0.7862666146611379
3.0,45000.0,76410.0,-15540.0,0.3622431978780319,0.6986675550534175
0.0,171000.0,439074.0,-15089.0,0.495103701601233,0.6363761710860439
0.0,135000.0,675000.0,-14988.0,0.7255745096450343,0.5352762504724826
0.0,180000.0,675000.0,-11380.0,0.6335720460409197,0.5352762504724826
0.0,157500.0,808650.0,-20615.0,0.2777281390176555,0.6195277080511546
1.0,135000.0,810000.0,-16943.0,0.4947866540745392,0.7557400501752248
0.0,112500.0,337500.0,-22427.0,0.7792962955200659,0.3842068130556564
0.0,202500.0,1024740.0,-22589.0,0.6381441392741618,0.5567274263630174
1.0,225000.0,904608.0,-10743.0,0.4649728168970873,0.4489622731076524
0.0,81000.0,254700.0,-24123.0,0.1604053214783667,0.6956219298394389
0.0,157500.0,225000.0,-8779.0,0.5617722256118803,0.3344541255096772
0.0,112500.0,202500.0,-8349.0,0.5102836637305129,0.1293142889822697
0.0,103500.0,260640.0,-18857.0,0.647322860979744,0.8256357449717892
1.0,112500.0,275040.0,-12803.0,0.5094858090925793,0.7421816117614419
0.0,211500.0,829809.0,-21655.0,0.4894140888919906,0.5352762504724826
0.0,202500.0,307944.0,-10871.0,0.4561880256483439,0.5352762504724826
0.0,81000.0,225000.0,-22271.0,0.7949047836989618,0.722392890081304
0.0,315000.0,485640.0,-10735.0,0.3514783701450068,0.6092756673894402
0.0,351000.0,88618.5,-23017.0,0.4777117299057343,0.5531646987710016
0.0,270000.0,1928304.0,-19330.0,0.3803673198313635,0.5797274227921155
0.0,112500.0,360000.0,-18706.0,0.5247194167914286,0.3506958432829587
1.0,112500.0,270000.0,-12150.0,0.5440435496912502,0.4418358231994413
3.0,270000.0,405000.0,-14855.0,0.5762291790205597,0.4938628816996244
1.0,585000.0,1800000.0,-15857.0,0.6574291034273035,0.2079641743053816
0.0,157500.0,1017000.0,-16687.0,0.698535764008802,0.4083588531230431
0.0,81000.0,180000.0,-8968.0,0.3942315825403711,0.5352762504724826
0.0,180000.0,403249.5,-23192.0,0.6282865863991296,0.5352762504724826
0.0,225000.0,540000.0,-18696.0,0.6134790897284914,0.2692857999073816
2.0,171000.0,324000.0,-13344.0,0.7249078162474635,0.4311917977993083
0.0,135000.0,180000.0,-22105.0,0.6426310950746981,0.7076993447402619
1.0,135000.0,180000.0,-13019.0,0.6302914190710592,0.8050196619153701
2.0,135000.0,387000.0,-11631.0,0.1923160541736026,0.5442347412142162
1.0,67500.0,135000.0,-18861.0,0.5844891011204217,0.7062051096536562
0.0,315000.0,988191.0,-19743.0,0.7492161843770891,0.5352762504724826
0.0,94500.0,161730.0,-18464.0,0.7049296071802551,0.6769925032909132
0.0,180000.0,239850.0,-11198.0,0.6739101416828649,0.5352762504724826
0.0,45000.0,302206.5,-16588.0,0.5116497292822365,0.5352762504724826
0.0,144000.0,450000.0,-20301.0,0.2580829975592371,0.4686596550493113
0.0,126000.0,352044.0,-12231.0,0.3335608976839545,0.6246146584503397
0.0,450000.0,900000.0,-12621.0,0.3413244478332803,0.5352762504724826
0.0,90000.0,544491.0,-20593.0,0.4582556633244626,0.5832379256761245
1.0,90000.0,432661.5,-12426.0,0.6626694246442251,0.3170317785834444
1.0,135000.0,284400.0,-12301.0,0.6059965502364884,0.3556387169923543
0.0,72000.0,1113840.0,-16020.0,0.6576359206165271,0.4812493411434029
0.0,202500.0,1288350.0,-21251.0,0.5987161760541374,0.7583930617144343
2.0,243000.0,1237684.5,-10467.0,0.6088280688155442,0.6430255641096323
0.0,495000.0,540000.0,-19602.0,0.0748613958721842,0.6006575372857061
1.0,103500.0,595903.5,-12074.0,0.5034241066466641,0.2164029605152194
0.0,112500.0,900000.0,-16300.0,0.4660501117001741,0.2636468134452008
0.0,121500.0,269550.0,-8515.0,0.2364844301205795,0.5352762504724826
1.0,180000.0,545040.0,-12466.0,0.6761168002990198,0.475849908720221
0.0,202500.0,2159842.5,-17067.0,0.6908275612835464,0.5352762504724826
0.0,180000.0,545040.0,-17816.0,0.6379623346696226,0.3312508645909018
0.0,67500.0,95940.0,-22132.0,0.3485928195099124,0.6658549219640212
0.0,126000.0,610335.0,-21463.0,0.2622583692422573,0.511891801533151
1.0,315000.0,657886.5,-13850.0,0.5574447299329154,0.5352762504724826
0.0,126000.0,263686.5,-11151.0,0.1667444507459339,0.5352762504724826
0.0,90000.0,152820.0,-23204.0,0.7283393953288771,0.7544061731797895
0.0,90000.0,397881.0,-17166.0,0.3031277886344071,0.6512602186973006
0.0,202500.0,1528200.0,-15092.0,0.6273055133039771,0.363945238612397
1.0,112500.0,675000.0,-11313.0,0.6059077862135173,0.4578995512067301
0.0,54000.0,202500.0,-22018.0,0.4040014064243257,0.3062022983135042
1.0,45000.0,45000.0,-17140.0,0.7165010227853196,0.7252764347002191
1.0,540000.0,2156400.0,-15566.0,0.7091691113307462,0.3539876078507373
2.0,90000.0,247275.0,-10857.0,0.4474574404970684,0.3910549766342248
0.0,135000.0,675000.0,-18579.0,0.5351560508651579,0.3031463744186309
0.0,360000.0,306306.0,-10874.0,0.4941853687666983,0.175605979469379
0.0,67500.0,675000.0,-22876.0,0.5847864748841726,0.622922000268356
0.0,85500.0,409500.0,-21041.0,0.3058786709439934,0.5352762504724826
1.0,135000.0,247500.0,-16296.0,0.6825807101464932,0.5352762504724826
1.0,225000.0,586332.0,-14654.0,0.5347806801049,0.6545292802242897
0.0,112500.0,1686591.0,-13573.0,0.7422379785421023,0.5919766183185521
0.0,103500.0,983299.5,-18294.0,0.4957815402323064,0.7238369900414456
1.0,67500.0,407520.0,-15964.0,0.6405795098585025,0.8633633824101478
0.0,225000.0,592560.0,-18234.0,0.6788879761918514,0.5352762504724826
1.0,126000.0,199080.0,-12569.0,0.3724935317864952,0.324891229465852
0.0,360000.0,1129500.0,-23386.0,0.6805304058194256,0.5638350489514956
0.0,225000.0,585216.0,-16314.0,0.5662729615555641,0.4241303111942548
0.0,337500.0,728460.0,-17490.0,0.5949908675221109,0.5028782772082183
2.0,166500.0,343683.0,-11678.0,0.5489807522053751,0.8347841592331774
0.0,112500.0,270000.0,-19568.0,0.7788182674035123,0.7958031328748403
1.0,144000.0,355536.0,-9410.0,0.5309758621111652,0.5352762504724826
0.0,225000.0,312840.0,-19823.0,0.6117821282516563,0.6058362647264226
1.0,202500.0,350581.5,-10128.0,0.6519863876654277,0.5352762504724826
0.0,81000.0,450000.0,-11609.0,0.3550204843351432,0.3910549766342248
0.0,135000.0,719860.5,-18814.0,0.1680733610395089,0.7380196196295241
0.0,40500.0,495000.0,-23398.0,0.7756987389509425,0.5352762504724826
1.0,90000.0,180000.0,-14077.0,0.5858267954783446,0.7636399214572418
0.0,180000.0,599778.0,-18846.0,0.4359609728452216,0.8193176922872417
1.0,67500.0,755190.0,-17112.0,0.5541460642214799,0.375711009574066
2.0,202500.0,513531.0,-13848.0,0.6022101209466045,0.5937175866150576
1.0,135000.0,584766.0,-18710.0,0.2947006814921782,0.5316861425197883
1.0,270000.0,1024740.0,-11375.0,0.6063671948926154,0.5585066276769286
0.0,270000.0,1350000.0,-19475.0,0.6475424901957,0.363945238612397
0.0,180000.0,1035000.0,-10285.0,0.5657626606501691,0.1176137317080569
1.0,180000.0,152820.0,-13735.0,0.52992466492936,0.6817058776720116
0.0,202500.0,1029658.5,-22494.0,0.7887229967569216,0.7636399214572418
0.0,135000.0,313438.5,-23928.0,0.2833110738117271,0.746300213050371
1.0,112500.0,50940.0,-17193.0,0.7322244946991993,0.5549467685334323
1.0,90000.0,508495.5,-19149.0,0.5930238015189391,0.7136313997323308
1.0,225000.0,1024740.0,-12663.0,0.4464574472382398,0.5352762504724826
1.0,90000.0,404325.0,-17531.0,0.4566274782379451,0.6195277080511546
0.0,225000.0,604413.0,-19431.0,0.5293690020951112,0.5352762504724826
0.0,112500.0,158301.0,-24668.0,0.2200375454564148,0.5460231970049609
0.0,247500.0,481855.5,-23041.0,0.5481088790794699,0.6212263380626669
0.0,76500.0,191880.0,-24566.0,0.2909602976891985,0.2881295999178507
0.0,270000.0,616500.0,-19846.0,0.3338234497557424,0.6801388218428291
0.0,315000.0,900000.0,-23209.0,0.6467535321442783,0.5352762504724826
1.0,157500.0,1079883.0,-17170.0,0.6454835308741504,0.6058362647264226
0.0,135000.0,927252.0,-10094.0,0.3286789964215449,0.5262949398096192
1.0,171000.0,450000.0,-14156.0,0.5975019456870035,0.5352762504724826
0.0,225000.0,900000.0,-11278.0,0.7013327439948316,0.221335206354466
0.0,90000.0,152820.0,-15719.0,0.6344194482115583,0.3185955240537633
0.0,126000.0,675000.0,-21198.0,0.7300364651870721,0.4632753280912678
1.0,202500.0,1800000.0,-18025.0,0.451396602667776,0.5298898341969072
0.0,70650.0,414000.0,-23363.0,0.5971916251861037,0.6161216908872079
1.0,157500.0,1113840.0,-11608.0,0.3658275273222262,0.5352762504724826
2.0,225000.0,1035832.5,-10829.0,0.6433940811499429,0.1075321758024709
1.0,225000.0,180000.0,-10056.0,0.6431532165650278,0.5352762504724826
0.0,112500.0,755190.0,-22812.0,0.1423494962099309,0.4311917977993083
2.0,135000.0,531265.5,-14527.0,0.4701934839037656,0.5567274263630174
1.0,135000.0,485640.0,-15573.0,0.2691914498660669,0.4206109640437848
2.0,540000.0,900000.0,-14864.0,0.7130951688881539,0.7380196196295241
0.0,81000.0,254700.0,-21143.0,0.3588351050101027,0.5352762504724826
0.0,157500.0,472500.0,-19183.0,0.7816977095264108,0.5352762504724826
0.0,180000.0,540000.0,-22999.0,0.7101108310599349,0.7700870700124128
1.0,121500.0,94500.0,-12904.0,0.5243594708067393,0.6006575372857061
0.0,99000.0,292500.0,-21947.0,0.7239517827439408,0.5638350489514956
0.0,202500.0,468648.0,-19099.0,0.4918459982784082,0.6848276586890367
0.0,81000.0,270000.0,-23290.0,0.7015205104206892,0.7421816117614419
0.0,135000.0,1762110.0,-20159.0,0.757689199672516,0.3376727217405312
0.0,135000.0,755190.0,-20812.0,0.5273146075143423,0.5954562029091491
0.0,130500.0,509922.0,-21078.0,0.5853491917200715,0.7490217048463391
0.0,112500.0,752742.0,-21034.0,0.5715287297838298,0.816092360478441
0.0,180000.0,841500.0,-10481.0,0.4542845278274534,0.3154721549257734
0.0,51750.0,157500.0,-21765.0,0.6355395815931324,0.5744466170995097
0.0,112500.0,473760.0,-18232.0,0.7058203375802659,0.6380435278721609
2.0,135000.0,225000.0,-11828.0,0.5990418679244583,0.5495965024956946
1.0,225000.0,957033.0,-15636.0,0.2745983378760089,0.5172965813614878
0.0,495000.0,1350000.0,-12403.0,0.6092446218696581,0.1664055461839363
1.0,135000.0,270000.0,-15055.0,0.5452095684567538,0.8224987619370829
0.0,67500.0,343800.0,-18759.0,0.2453495532540649,0.2970866116472028
2.0,162000.0,1006920.0,-9859.0,0.6753932976847402,0.6263042766749393
0.0,103500.0,274500.0,-23679.0,0.588853132590562,0.5352762504724826
0.0,157500.0,454500.0,-20895.0,0.2554539152194125,0.475849908720221
0.0,72000.0,265536.0,-19189.0,0.1500705265415765,0.3622772470384314
0.0,180000.0,130320.0,-22331.0,0.6502079715479762,0.6512602186973006
0.0,225000.0,130824.0,-17223.0,0.497164595115361,0.0646719558983517
1.0,180000.0,582804.0,-12001.0,0.6643928043197165,0.3859146722745145
0.0,315000.0,218016.0,-12871.0,0.6143498554126762,0.5726825047161584
0.0,135000.0,564124.5,-15613.0,0.5229958126726431,0.5531646987710016
0.0,405000.0,1048500.0,-22833.0,0.6944865491058924,0.2353105173615833
0.0,270000.0,341280.0,-10917.0,0.4255750290991497,0.2707073872651806
0.0,135000.0,706221.0,-19900.0,0.2665197753925157,0.5316861425197883
0.0,180000.0,414000.0,-8099.0,0.4827060603039112,0.5352762504724826
0.0,112500.0,270000.0,-22049.0,0.0912060628009733,0.2692857999073816
0.0,180000.0,450000.0,-16763.0,0.4852837853046366,0.056092078848294
0.0,180000.0,882000.0,-22576.0,0.0657176708492973,0.2837118826350007
1.0,202500.0,180000.0,-15694.0,0.3404302443632832,0.4507472818545589
0.0,135000.0,270000.0,-11126.0,0.6711940391762867,0.5937175866150576
0.0,90000.0,808650.0,-15718.0,0.5234758604846631,0.3807996826489149
3.0,126000.0,180000.0,-10257.0,0.3259057813438275,0.178760465484575
1.0,180000.0,1078200.0,-15074.0,0.5532382168921973,0.6413682574954046
0.0,135000.0,526491.0,-22058.0,0.572556582122635,0.5971924268337128
0.0,90000.0,820638.0,-21987.0,0.6809011195083232,0.5352762504724826
0.0,135000.0,776304.0,-12180.0,0.5779050004908134,0.5352762504724826
0.0,126000.0,437818.5,-10514.0,0.3960190023212128,0.6512602186973006
0.0,135000.0,172512.0,-18302.0,0.4699538022123402,0.5352762504724826
1.0,229500.0,640080.0,-13481.0,0.5866118371684984,0.5136937663039473
0.0,117000.0,1288350.0,-19206.0,0.4241429916117221,0.5797274227921155
0.0,112500.0,225000.0,-17989.0,0.6674285242557897,0.520897599048938
0.0,57600.0,180000.0,-18405.0,0.5649673880927272,0.5352762504724826
0.0,54000.0,161730.0,-21028.0,0.3186699418715588,0.5656079814115492
2.0,90000.0,611095.5,-11464.0,0.0927989746973368,0.2866524828090694
0.0,112500.0,152613.0,-10945.0,0.1460381765862298,0.5352762504724826
1.0,189000.0,630000.0,-10408.0,0.5882865299085617,0.524496446363472
0.0,112500.0,100737.0,-9952.0,0.6282406221398813,0.1245194708919845
0.0,108000.0,325908.0,-17812.0,0.7423927459332015,0.0005272652387098
0.0,112500.0,634482.0,-15476.0,0.5122398169761546,0.5352762504724826
0.0,44100.0,67500.0,-21044.0,0.1542283386342156,0.3062022983135042
1.0,112500.0,157914.0,-10301.0,0.6324544460614582,0.5352762504724826
2.0,135000.0,1006920.0,-14832.0,0.4112352264388457,0.6058362647264226
1.0,130500.0,1092190.5,-14740.0,0.2608434828374008,0.3927738606031339
0.0,94500.0,521280.0,-10890.0,0.1047968129719725,0.4223696523543468
0.0,360000.0,933003.0,-16070.0,0.4288766340776013,0.6075573001388961
1.0,202500.0,675000.0,-20518.0,0.344191494398425,0.3672910183026313
0.0,225000.0,373140.0,-18570.0,0.4558788220763823,0.3425288720742255
0.0,105750.0,254700.0,-24095.0,0.6446023243115201,0.7850520263728172
0.0,135000.0,168102.0,-19354.0,0.6216030476621605,0.5989262182569273
0.0,157500.0,1800000.0,-12948.0,0.6730782410313395,0.5744466170995097
0.0,540000.0,528633.0,-16422.0,0.4691803791101843,0.3046721837533529
0.0,180000.0,790434.0,-20646.0,0.4205098987817534,0.5352762504724826
0.0,112500.0,1288350.0,-23439.0,0.3884759709443692,0.5352762504724826
0.0,99000.0,900000.0,-21693.0,0.3680982210263875,0.5352762504724826
1.0,315000.0,508495.5,-17741.0,0.2805089254973809,0.4471785780453068
0.0,315000.0,450000.0,-8658.0,0.3060829948219872,0.7557400501752248
0.0,675000.0,450000.0,-19698.0,0.8133415671394207,0.8425892767430772
1.0,135000.0,265500.0,-16780.0,0.5525679109368791,0.5352762504724826
0.0,202500.0,163008.0,-21391.0,0.7852072493710601,0.5726825047161584
0.0,202500.0,1006920.0,-14333.0,0.4209469161123929,0.4543210601605785
1.0,67500.0,585000.0,-10925.0,0.2205483698110515,0.5352762504724826
0.0,180000.0,728460.0,-24691.0,0.7410522112749749,0.6178261467332483
0.0,112500.0,118512.0,-16907.0,0.7133679991033435,0.4848514754962666
0.0,315000.0,661702.5,-9088.0,0.5501716444958964,0.3490552510751822
1.0,225000.0,207000.0,-16115.0,0.6785255679354211,0.6754132910917112
0.0,121500.0,177903.0,-10790.0,0.6654549214451941,0.7062051096536562
0.0,202500.0,1483231.5,-12496.0,0.7507210697383168,0.5352762504724826
1.0,139500.0,1125000.0,-17093.0,0.3483495445910488,0.5919766183185521
0.0,270000.0,1125000.0,-15009.0,0.6672391952607009,0.2896112383820055
0.0,121500.0,157500.0,-17154.0,0.2509839188578594,0.3344541255096772
0.0,178029.0,933174.0,-10051.0,0.0543243800023791,0.2764406945454034
0.0,135000.0,1506816.0,-21480.0,0.3856692576736604,0.746300213050371
0.0,180000.0,675000.0,-18021.0,0.6032887425674844,0.6738300778602003
0.0,112500.0,225000.0,-24127.0,0.5933984616217352,0.3979463219016906
0.0,180000.0,1096924.5,-16616.0,0.5208678288144629,0.1624419982223248
0.0,193500.0,990000.0,-18936.0,0.7084921247576248,0.4614823912998385
0.0,112500.0,337500.0,-18713.0,0.7507251619921793,0.5849900404894085
0.0,157500.0,1762110.0,-18902.0,0.6914810607686772,0.4418358231994413
1.0,135000.0,521280.0,-11391.0,0.3763042155887788,0.0668879339672135
0.0,126000.0,270000.0,-17131.0,0.4397070945663413,0.1595195404777181
0.0,225000.0,545040.0,-12297.0,0.4579136693160306,0.0839170036575357
0.0,45000.0,54000.0,-21301.0,0.1748827186841979,0.5867400085415683
0.0,72000.0,284400.0,-21841.0,0.162144567666238,0.5172965813614878
0.0,292500.0,1354500.0,-14546.0,0.3985218608000759,0.3506958432829587
0.0,135000.0,1336500.0,-11123.0,0.5472583828747354,0.5352762504724826
2.0,76500.0,675000.0,-14480.0,0.2962028246127759,0.5352762504724826
0.0,126000.0,641173.5,-21631.0,0.6163684480400186,0.5334816299804352
2.0,112500.0,318411.0,-14375.0,0.6305156006369708,0.5352762504724826
0.0,382500.0,1128595.5,-13483.0,0.6771072545926382,0.3807996826489149
0.0,225000.0,634482.0,-21697.0,0.582006839288284,0.5352762504724826
0.0,270000.0,545040.0,-24054.0,0.33611784361323,0.1342654235549427
0.0,63000.0,225000.0,-9192.0,0.3601593633369684,0.6212263380626669
0.0,247500.0,675000.0,-18669.0,0.7104618235142929,0.4740512892789932
3.0,112500.0,378117.0,-11002.0,0.7257181744768672,0.2764406945454034
0.0,135000.0,1350000.0,-16137.0,0.6718886101370416,0.8193176922872417
1.0,112500.0,668304.0,-16397.0,0.7078187340780023,0.5352762504724826
2.0,112500.0,225000.0,-17579.0,0.6196568469928871,0.5316861425197883
1.0,112500.0,90000.0,-8439.0,0.4990998467338024,0.1519345490496476
0.0,450000.0,1325475.0,-15331.0,0.3099749009362197,0.11911906455945
0.0,112500.0,450000.0,-10057.0,0.4384737545093956,0.5352762504724826
0.0,76500.0,511249.5,-10017.0,0.1108430966091476,0.4066174366275036
1.0,157500.0,450000.0,-15317.0,0.6324188626125605,0.3123653692278984
0.0,135000.0,270000.0,-19871.0,0.472258572524849,0.4794489811780563
0.0,112500.0,573628.5,-11621.0,0.641037542490526,0.5406544504453575
2.0,126000.0,1006920.0,-13391.0,0.4629551367776473,0.4668640059537032
1.0,85500.0,1113840.0,-12581.0,0.3065337053983245,0.475849908720221
2.0,157500.0,1303812.0,-12946.0,0.6803877628036095,0.4686596550493113
0.0,90000.0,327024.0,-9947.0,0.3818424418952967,0.5352762504724826
0.0,135000.0,675000.0,-20321.0,0.5853651144354978,0.520897599048938
2.0,157500.0,787131.0,-13063.0,0.4618190218850197,0.8337869986815019
0.0,180000.0,1125000.0,-15819.0,0.6311623541069148,0.5352762504724826
0.0,135000.0,156384.0,-19627.0,0.7591995646087775,0.5602843280409464
0.0,49500.0,396000.0,-21808.0,0.1572704312699988,0.7789040389824382
1.0,225000.0,584766.0,-14793.0,0.5784436594758021,0.6144143775673561
2.0,157500.0,545040.0,-15130.0,0.3107518623972513,0.6279908192952864
2.0,73714.5,135000.0,-12240.0,0.6133287053354435,0.2678689358444539
0.0,76500.0,545040.0,-18721.0,0.7071625448418268,0.5797274227921155
0.0,180000.0,900000.0,-15773.0,0.5411671412692226,0.6479768603302221
0.0,238500.0,738931.5,-20217.0,0.7329656002832635,0.445396241560834
0.0,247500.0,1131741.0,-18162.0,0.5666703618145852,0.1819591097862785
0.0,72000.0,271066.5,-15844.0,0.4792068780075268,0.5352762504724826
0.0,157500.0,543735.0,-13502.0,0.6557329264173517,0.5849900404894085
0.0,157500.0,608076.0,-17265.0,0.4241964031302738,0.2103502286944494
1.0,58500.0,397017.0,-11929.0,0.7104258358775202,0.3723336657058204
3.0,180000.0,450000.0,-14923.0,0.6501980244632433,0.2103502286944494
0.0,202500.0,497520.0,-9034.0,0.6945236658741649,0.1766525794312139
2.0,450000.0,900000.0,-15878.0,0.194304104275425,0.7238369900414456
0.0,117000.0,723996.0,-11554.0,0.3230729622216634,0.6832688314232291
0.0,58500.0,142200.0,-23201.0,0.6630310598731978,0.6690566947824041
0.0,225000.0,1046142.0,-13969.0,0.4106846997376142,0.3016248916841194
0.0,675000.0,284400.0,-10465.0,0.2450621984483189,0.5352762504724826
0.0,225000.0,1886850.0,-18249.0,0.6302098845596436,0.5352762504724826
0.0,67500.0,225000.0,-24763.0,0.3818527651440742,0.5352762504724826
0.0,117000.0,109453.5,-10183.0,0.3448878088481325,0.5352762504724826
1.0,90000.0,294322.5,-16176.0,0.6614609680457711,0.5352762504724826
0.0,112500.0,225000.0,-15172.0,0.7256267568153384,0.646329897706246
0.0,157500.0,306000.0,-19503.0,0.3947748284214449,0.5352762504724826
0.0,108000.0,879480.0,-17066.0,0.3900459859397344,0.3296550543128238
0.0,99000.0,291384.0,-21826.0,0.5659614260608526,0.5352762504724826
0.0,90000.0,180000.0,-8283.0,0.3162487081384689,0.2608559142068693
2.0,171000.0,654498.0,-11301.0,0.3401111608005427,0.3622772470384314
0.0,90000.0,269550.0,-23534.0,0.5855137178420352,0.7557400501752248
0.0,76500.0,364896.0,-20552.0,0.2994863839253798,0.7688075728291359
0.0,67500.0,225000.0,-22972.0,0.2656912806736481,0.4118485559242397
1.0,279000.0,592560.0,-8688.0,0.64248544304668,0.5352762504724826
1.0,130500.0,545040.0,-8506.0,0.1702369443956244,0.4276573700350293
0.0,225000.0,545040.0,-11606.0,0.6480613658116009,0.3001077565791181
0.0,135000.0,1125000.0,-15668.0,0.6947787752576072,0.6413682574954046
1.0,135000.0,623749.5,-9679.0,0.5256900511211183,0.5352762504724826
1.0,157500.0,755190.0,-13470.0,0.3561830211324983,0.7076993447402619
0.0,270000.0,1350000.0,-15371.0,0.6553378951590133,0.8117227926101218
0.0,112500.0,278613.0,-18944.0,0.0220237928269925,0.6956219298394389
0.0,157500.0,254700.0,-24559.0,0.5230940077559416,0.5478104658520093
2.0,202500.0,312768.0,-12725.0,0.6584773432163363,0.1008037063175332
0.0,147600.0,1314117.0,-20253.0,0.5653220782247798,0.656158373001177
0.0,90000.0,283419.0,-18762.0,0.5715394397766999,0.5028782772082183
2.0,247500.0,640080.0,-13276.0,0.5344487977656419,0.4866531565147181
0.0,189000.0,247500.0,-10283.0,0.7110282790865325,0.5352762504724826
1.0,157500.0,1406362.5,-18377.0,0.5614491922907601,0.5100895276257282
0.0,180000.0,1164667.5,-17380.0,0.7246940877085434,0.6658549219640212
0.0,67500.0,101880.0,-15697.0,0.6806825211325214,0.2793353208976285
0.0,157500.0,254700.0,-11480.0,0.6745201472412375,0.4241303111942548
1.0,247500.0,927252.0,-14443.0,0.7202702115531086,0.3556387169923543
0.0,162000.0,543037.5,-12558.0,0.3736084870609833,0.4561097392782771
2.0,157500.0,202500.0,-11380.0,0.5562899483572256,0.5352762504724826
1.0,148500.0,765522.0,-12956.0,0.7607671728417613,0.4311917977993083
0.0,103500.0,45000.0,-13877.0,0.7165143483054159,0.4686596550493113
0.0,270000.0,337500.0,-15570.0,0.7654514517018842,0.7180328113294772
0.0,319500.0,450000.0,-19387.0,0.6000394101169938,0.05384435347241
